关键词,整体指数,PC指数,移动指数,排名,收录量,网址
金榜起名网,241,79,162,1,147000,www.jinbangqm.com
龙女宝宝起名,1,1,0,1,461000,http://www.baidu.com/link?url=LzjwaufpRh4VXjwVkCN11TCqG1-mdhKZzHYVTfqe3nV82za-9weh3F7G5Ruvsrk60apFpphGbPoRIozU6e3VJa
金榜起名网,241,79,162,2,147000,http://www.baidu.com/link?url=xzBZAs1Utkoqn8fWA5DVejYojUkhaHZfw450RNRr0_Xq2ie3gUNjHhY4jKPpq8Ru
金榜网,53,53,0,2,811000,www.jinbangqm.com
张曦元,42,16,26,2,89900,http://www.baidu.com/link?url=A4xpMSOkXS4maUfYsIGnpsHSonZVCG7ORKxxufx3vqtdNQnc-n0v3RXeLFSoZACO0hQ0FX8ggMFXO-_oVtTEoo__TlTe_faz3iCq424L-Cu
贾博涵,1,1,0,2,30800,http://www.baidu.com/link?url=M9jPUdoWLnF738GIBCLrPm_U01DUg9mtmYe-ggf2tBEINjT4ubkKXidkK20rlU3BEqnrSEmJsSWZ_idZQRK36Wqel6gD5FM0EptHPTtFIIu
龙宝宝免费取名打分,1,1,0,3,3730000,www.jinbangqm.com
张岂源,1,1,0,3,99,http://www.baidu.com/link?url=4qFETPyrHXLtnBLYDv3eAyDZ8zhePsBWswqdTDbiwFH-KUDhZMQYSWd7PD2sGUZf05XUJGzH2bL-axrGtppoha
金榜题名网,238,85,153,4,165000,www.jinbangqm.com
王佳禾,26,17,9,4,29600,http://www.baidu.com/link?url=AYEDAUUcLDrydNqZb_258h2WlB2S8bjsVpk9NWL6VzQSA3g-LPPqUzeWuglE2eX0jQnBfgIx2RweIligAU889VOwm0ZzitigdDzwuXN-baK
林子洋,8,0,8,4,27100,http://www.baidu.com/link?url=j4leqcrvRAmQ55cSr2gDdh7CnZuVWLhKyU7EzaD5-LYiAXIJc0B19MrLlmvcAoBA4k3mKN3eYiCppYFfx2neIWrhkFc-42NtvmbpW71ax1m
林大为,1,1,0,4,127000,http://www.baidu.com/link?url=cq0dJnw7lPfzOdSXAlDZbF27cYPq8fQS8dk3pXy13aN8lLcUlY4u1NM5Qa3PllxVuvdU9KPxSUWAgEftXkVI0pbih5wO5rT8zi9RwN1U6Ra
金榜起名网,241,79,162,5,147000,http://www.baidu.com/link?url=0QYjxBJqfQ2g92lHaCZ1wx-XiFvEeuUoq-Rd2I9t1Zh2LHt32JMenPUpyHsd5Hu4
张皓轩,107,33,74,5,73200,http://www.baidu.com/link?url=f-L9rE_4xGgbTnLmy9umJyuoOf098Hn79WhTJzfwpSHOcUtYUbBF4iTU3F3YwCvdQy0VyYSQQ7J4tDTxO0pOqkOVnzpR6ucBpikUMecxbEq
杨绍峰,1,1,0,5,32400,http://www.baidu.com/link?url=KtGvEf8kohsTR6ggT754QssXUNLmCwrdsZbkH8nP-8DteqXFGW64YKAVFaE1nHNXBlLuhuJn7VVLX5NO51xSmeAYOC1c41tqnCyQIRVoLeC
给宝宝测名字,1,1,0,5,5850000,www.jinbangqm.com
中国取名学,1,1,0,5,2330000,http://www.baidu.com/link?url=DxAwFg0zBShis0AcLbH8oLiX3NKsvnrYRYvNTdJ1hnGzZc2IF0WgWt6X_KsMkhgX-lOvlM0CUp9DaOW1GjTqM1Fynb9WLrsApkvXk9pDwNrY1WhwnwN0a8dRndCCje19uy9dvtmLLGfDfNVF0kijc_
张恩源,1,1,0,5,40800,http://www.baidu.com/link?url=TrJs0mZwBYcyX8CZ9Cw9vl3-G5g6SlVCXc__sSO9ltnJFRI6w6nny0KPSTxKLpxdY0-jbOJdd2NDzLEeP2ckOu9VGo3IQatE_gPn3tcXxhS
李悦嫣,67,0,67,6,2650,http://www.baidu.com/link?url=cuBN_RcFhrsCEBAELflslbmS1YGta3C0eqLAdm16S4CGfeFTKRFnhwHfKXhGO9PbiMqbIwHKGDEqIph7nBNQPUDo1trNmDQjVQmLCUAs2M_
刘宇哲,17,9,8,6,145000,http://www.baidu.com/link?url=YP4YdPQXeCz5waVxJ5Yb6my3dDUJwtJcQQskYRUqk0zWS-Rz6r69rmSXQ3SOv0ISXj3Nt8OIqyGuHgSb8wxta_1v0VBCRuHm_yKxdksqbhe
宝宝取名测分,16,16,0,6,29000000,www.jinbangqm.com
王品若,141,36,105,7,9470,http://www.baidu.com/link?url=_StQr50F5qCrBSDMPD8075WrN3F73cYGSyiAnyclqcDfr8a6UgNHvZH44Z8kyxqx1_6hoAD_2RdEVQbwi8n5wx0HJ8VDSMDboX2M6foW2tq
李明航,35,9,26,7,103000,http://www.baidu.com/link?url=7_zs9z7uIHKTrhBjQntCvGAviSLDgZYcdbstULdm7TD3_BPYKDnyygdzXXUvwBCFVA_DoyqOaShvcGkZoP8Echnk8ymjR1_vSQWp_lIlpje6JC13zr9wIzlFppjnpziVlWFGtq6FRpIkpgyq29Zc7kR5o0riEg-BA-oo9WrDcybnbq9W-rrJ6W9Ml-XISemz
陈书豪,34,8,26,7,31300,http://www.baidu.com/link?url=rW3-KkvIC8sH-JJ9X0B3n26bzFcU7Dfqq-GuYP8Rhus7aWAJ7V4xSgMm1fcPvjRVDdYF2FJEZd7GOe-2yGV7ZihRrgmOw1xXIVAkhQaJUUi
石啸天,160,67,93,8,43100,http://www.baidu.com/link?url=tCEN_hAlVPZr1D7XwUyTC7KAL7hIwxeQOXRdxp8q199vE_LoZ2SBvBCUh4wykDueudXNDoSH1KQSfwov7UoYIfsauTEcv96UWDSUV89fVYK
叶秉恒,61,16,45,8,183000,http://www.baidu.com/link?url=RQrRHS-8XM_qa4DzC0vlCxAWHGCFX2I4q95sLUr7MboIaDAwc4UOT4Fa22CgtBPgyTAhqv3IweL53F9AsAbnqrUMgY-_6Nd_QMfzrM9mQZu
起名方法,44,17,27,8,10200000,http://www.baidu.com/link?url=vDtZmIKkJALddy0IjMrL4vuBXgoDwuKTn54bDCuWwKlrlh7nRSLVqF-A2oQtIf07n0dQDptk30YdpxrwfcVR9_
汪丽珍,26,0,26,8,69100,http://www.baidu.com/link?url=-SGQXovmu79NGI1lyIERcTwnLxBEUtxaJGx9-IT_QUUU_ok81nlm6rrqxuEjf8YF63sC24GphtB6QZZ7SWvvLO_njSqLZ4iKN-aL91PLpWy
12画五行属金的字,17,8,9,8,107000,http://www.baidu.com/link?url=EghXtaZqlgDX1Te3WoUOX-CCFXLKbSlTKGqRjJ_YWI-rrH_2EWhNU8fBblixMsPgRgwMLSJ71FcPxCZ-ljZnMa
刘锦园,1,1,0,8,55,http://www.baidu.com/link?url=IYSZqZn6MFj5sNvzAPz8iA6zJEIQ4VTZe2ZkQSrvUZlqVzWjetFAloq64yG3GTZ-nmi9n1CLjsqa1jaJwf6Fma
李梓豪,154,62,92,9,194000,http://www.baidu.com/link?url=Mt4ntPk2SagHH1xJlCXZ4EcHEa5bbUpAzBpnBccUoCJaWKdW3C9Pz6cDA4Y9CKE0guEfbujSGxHcBbICYPnsNxGko497G0faeTSkZ9fbfvm
李艺玮,72,16,56,9,15000,http://www.baidu.com/link?url=4lrwbQ1aeV1IyT4iELPnWkKjwF7mtClEljLmh1SuGgMNsfUxIcS2XJm0Wt9tm_8axjfOJF3vV_16x7ojSsEMmTcGzUwjhcRNNdH6pAs883O
宝宝取名字测试,1,1,0,9,3330000,www.jinbangqm.com
宝宝起名字测试,1,1,0,9,3860000,www.jinbangqm.com
起名知识,1,1,0,9,11800000,http://www.baidu.com/link?url=d56-8WmWY6fifOmywM2NbxEjq4bTqGyqZ2GW5EkGao1N3Rla5v3QHd-RnEq2NDVCNfApvyCtqF6NhSBRSUY3z5DnHotXWK7KFjuWb2fto2dOAtMUQNxnXjajHD5DEJjp
宝宝起名测试,26,0,26,10,5420000,www.jinbangqm.com
韦韵,1,1,0,10,9470,http://www.baidu.com/link?url=qAhKyOOdl9Cre0dXFyaXxLlbyD3vODBl3aDqHGTAq5PVX0CYzA0t-FyYloK67lpkwL1RaS5gTcMo4VtYof_OZK
张烁阳,1,1,0,10,78,http://www.baidu.com/link?url=PLg0DJIr6kOuYCN7fpbPkH0hJXRaIYM25vOw8hhvOWyiJToIjlobIXpPPVSwBKmqSDZtJdKO7I0b6yeKQQdtPa
金榜起名网,241,79,162,11,147000,http://www.baidu.com/link?url=6A19un3Opihg4VohWfOe0c12-DUY-NAeM7MAZgank-drhc4xOGoIL5Qz_FXHw2cP9WCvj5IOpCg_QOfZ_CJpfNT9NINE5-OUZCYKB-m96JtT9bcKJ71EikpB29LT9aPY
金榜起名网,241,79,162,12,147000,http://www.baidu.com/link?url=T0BwHuMFIY4U1EWTv-rbjFaNcBFEeCEDe9bP8fqp5AugUdZJjRq7lNqj0lnxK9-9hIvq3jP6HRwETGzgiJhJYq
宝宝名字测试,205,85,120,12,4460000,www.jinbangqm.com
陈希儿,8,8,0,12,71,http://www.baidu.com/link?url=KjQe-n75X0nGn2kKll0RbLL1xQIhxT16G54qtYa1BHHPNH02ckxO8NBykjK4bb89Wa5icuiGHNHIIEKDz-RZWa
肖镔,1,1,0,12,3870,http://www.baidu.com/link?url=xqHfcM8jUiBCMfeY_udRFcdvalCzmBU5KfiAJ7NOJ8Z4lMy4NA2qXyVjHkDkbm_NqCPkT5gl7QoJpvxjCyU6xa
生辰八字起名网,129,54,75,13,3480000,www.jinbangqm.com
罗振华,104,36,68,13,265000,http://www.baidu.com/link?url=SUlSPloA5FYTb5Ps5yFTLSzpIMJ2f01clt5tRYQP3PQmygp2Qzs0qtwDajU0jLjP64CjbQ0rZEjSzTmmxIuty2V9qJMeqyLk7kvSr_6k0Pi
鸿运取名网,27,9,18,13,77600,http://www.baidu.com/link?url=m4FGWwbmwTbZGUyQRLoxgkelMgmc1i5fCShuFO3ROYPMldLwV5I0t0Xxz0hTQDoAREkt45AiUf3jAzvbaZ9iF_
免费测试姓名,8,0,8,13,3290000,http://www.baidu.com/link?url=uvxqIWdasWoZPvQZOlRZUSUi3Yq6qSMFpz5sVMz3CEFvk0bNCvUzogc5bOTCK5ZT
鸿运起名测名,1,1,0,13,121000,http://www.baidu.com/link?url=Z3jEWvUa0YoGFa37o9O9opLQarRpHsllGwYmuRY6aMrkH2spkvSBFAi_8ec4vNf-qX0PJpEKxo4sYgIjT7Xtu_
祥安阁护岁使,1,1,0,13,93,http://www.baidu.com/link?url=OVlMTw14P2pvV2CiWeWyiwCXW4WU_gsPxppZZzeM4peQHM1lLSuTeOyJxuYNOu2txDZ_oU8a2wznG9u2Mo8sTq
宝宝取名打分网站,1,1,0,13,16400000,www.jinbangqm.com
婴儿取名测试,1,1,0,13,1840000,www.jinbangqm.com
杨依菡,1,1,0,13,10200,http://www.baidu.com/link?url=lJodWyoZB5snnUBIkapj-D8USR1zOwvlt5G_jdCAi6Ixd82cKJJ6OSXTxaHl5q4w4AoIGi98qDR5G0NI7A3yX_
常凯琳,1,1,0,13,31,http://www.baidu.com/link?url=FJidVNr2TsPwlJCL8Zfd4TYHdCm_IEaQTd1ro4OI06uT66z_zDUmoVWTjrCIFhFo6cy1EeUfofMXEH0B10Zjg_
宝宝免费测名,1,1,0,13,530000,www.jinbangqm.com
有凶气,1,1,0,13,34100,http://www.baidu.com/link?url=y2z1UwbXG7UBTeW6XdEt_rw_OcMd7pQTsWsL2HwyziPIOquYn4HpHE84FGnUAlGjSH09bG5BdkqrbYilq63ClOzUC-MoQjfp-qUawjbtHcq
龙宝宝取名字打分,1,1,0,13,7340000,www.jinbangqm.com
生辰八字取名,990,146,844,14,10000000,www.jinbangqm.com
宝宝名字打分,808,103,705,14,5040000,www.jinbangqm.com
李孟阳,43,17,26,14,80200,http://www.baidu.com/link?url=97GtDLMsVJZb5989RsnDawY2DsAbmRxUs02bkxBpACnGxYaqsRmiQYFoTidwVNcbwo7K-c-j-KTTG-2mCgYNtRIamfpAADaRQn_B3ye8SrW
徐佳迎,1,1,0,14,4980,http://www.baidu.com/link?url=tJr4t4ZEXoff8WzYfg2Pxtf-I0lCvBO_0G8U4z9KfdAbjSJAJBa2q_-wCJ_jwyjk9HGvNGhSVrmfa87XMe2Yaq
张涵希,1,1,0,14,20500,http://www.baidu.com/link?url=kzX9wkBTSVqfkgZ72SLX3Gxa4KpPecpQ1u2UrSveXfJV-HM1qmUzuyplRbFUQIF3P2LrjKmQUbFxgpTrHgSksq
江依涵,1,1,0,14,54,http://www.baidu.com/link?url=HTaWCw-si6KTI94jEDybCLGWnyiETSDdW1kUTHZFKqba7g3DaGI0UAewGhiv5GopCWbexf_ixpnN_sRJGYEz7a
龙宝宝取名打分,1,1,0,14,2770000,http://www.baidu.com/link?url=aZ9xOzRHSJTExUy6dxFNr-Krz_ECFP9IKgfFGd8R1jOK4Yh7z3XNVamGu4noSJX72BUTmIX5YjRUA9DwrmCvV6fUi99ZOZYIyGtAzyVNUwPDgGG5nvVyngI_ZDAVbFb3
刘雪彤,1,1,0,14,20300,http://www.baidu.com/link?url=7XV0GZqRDtzPaPpNnQqpS74BHqBkeV26NZsUphuU6SHA4bvuwvy_chaUu6-tXANdG0MdPZOMb58VdU5uGGjC8a
生辰八字起名,3265,388,2877,15,12200000,www.jinbangqm.com
按生辰八字起名,385,81,304,15,12200000,www.jinbangqm.com
安同,171,87,84,15,4770000,http://www.baidu.com/link?url=jLWKa1MEF6O9LN68TDIfH4C3EUt_-2MEpzHQHQtdpUZnI_nSiekNFA2mHYWdtS-DVr1L6QxBTVFtt1MhJAuuqK
姓名解析,151,52,99,15,11000000,http://www.baidu.com/link?url=o-L8msVGWUIoSVr7Bfj2Vu2vAaDvcquGR55mqi0zKK7F6_YKCPwwZlpGXOZXzv6t
王子如,116,99,17,15,496000,http://www.baidu.com/link?url=i6ZbVYAD4FUkutwaYI1ifrvIFIT9S4Z8JqPFwNp98wYsHxDQqfOnWQoelHzIP-qGd9eR059iTNcN4bjad3OYSaxqyAOqnViuHfMobffCni3
王若愚,114,45,69,15,314000,http://www.baidu.com/link?url=LL-M80RzPSHV6PlPfkoBUHsgkw3-OlmVp4WcEfCJWWyBfIqe8rfSCRJOwKOtUDF7beyrzQd68EN51KS-LIvL7-9PjSCdVg-g6y6X5-bokNO
小孩取名测试,17,8,9,15,5840000,www.jinbangqm.com
宝宝姓名免费测分,1,1,0,15,17100000,www.jinbangqm.com
免费取名测试,1,1,0,15,2680000,http://www.baidu.com/link?url=r_8m6cwrNi8pn6O_cNh4Z5CQBvfcZjHEqa70E6QCOYKgZf9-EHams3x_1fvC_A_a
龙宝宝取名测试,1,1,0,15,639000,http://www.baidu.com/link?url=Qmp2pHI6P1WYHYzUBN83OKr3AoyKlM6mK8OmF7BDV8-oeB-LaJukZ2Ix-hiPMLgdTKsyHpPAtdkGhBWafyELbl0oiH72X4Klcir7oT3y-oQD5qRSfDUX-cBaL49z2NI5
香港黄大仙起名,1,1,0,15,1430000,http://www.baidu.com/link?url=Fhf2Euk_zPgX5lEKAWw8AEtMR6w3_YeYEtdPlay5wQAbCdNAJ4VbxQp7dBY0Lo0tIcLplhog4sW_KQOkbAzZlk87nXrQYHHQj_y3pWnDZWq
金榜提名,239,67,172,16,3170000,www.jinbangqm.com
宝宝取名打分,159,18,141,16,7300000,www.jinbangqm.com
宝宝取名测试,55,8,47,16,3390000,www.jinbangqm.com
陈希怡,8,8,0,16,13700,http://www.baidu.com/link?url=rIenKU1Yfs27E5sYJ1nMaF6A285UFSxQBbuhay7e1Keyk064_9Mg3i2Zt7CtUDfsnY2O1qNCZ4YbgVBIPb11Wa
在线取名打分,8,8,0,16,4790000,www.jinbangqm.com
免费婴儿起名测名,1,1,0,16,1340000,www.jinbangqm.com
宝宝起名网免费测名,1,1,0,16,4090000,www.jinbangqm.com
宝宝取名分数,1,1,0,16,18800000,www.jinbangqm.com
金榜起名网,241,79,162,17,147000,http://www.baidu.com/link?url=5TZ-N7JFDI5ldvstqD76yC-eKucv6KHoGKNmGu5lpy6vzpzr464ETY26sa5vVulR6XQYyOxnTXKBHW3cZ9EDbxxpTKpaDh_1Jtnslux5fGW
宝宝起名生辰八字,173,99,74,17,9020000,www.jinbangqm.com
免费姓名测试,169,26,143,17,7440000,http://www.baidu.com/link?url=jhf0PI6oN1zrX23Bg1mHgUBndljflBprF1Yx1jRRocL3f83FOKZkvSsu95lhV9JG
婴儿起名测试打分,113,9,104,17,5830000,www.jinbangqm.com
孩子生辰八字起名,41,41,0,17,8310000,www.jinbangqm.com
婴儿起名测名,1,1,0,17,2000000,www.jinbangqm.com
小孩测名网,1,1,0,17,7960000,www.jinbangqm.com
孙曼龄,1,1,0,17,16600,http://www.baidu.com/link?url=0n89mfhoNfO5bqgDCkD7k_nKmk5Mokez11VjsZz5oGfpd93GPke7RnvYHtLW4RV1azzhdSs7vHlSVgswm40xla
龙宝宝取名测试,1,1,0,17,639000,http://www.baidu.com/link?url=RtGPvQnvHru8nOVI3eqNH_0a9d6Gf91r7cmLBvEAb0x6nscAmPX6rQlOrh5d1XMUKnPxPvTS19KMqIqEIoJc-_
小孩起名,1057,155,902,18,21400000,http://www.baidu.com/link?url=tDgDjCn5serCeW8MhuvLPfsyOlvuYwW6MpNJKqbsZspsONKgBccjyyUokF4ZoCrA
周赛乐,392,200,192,18,33000,http://www.baidu.com/link?url=kXdTeApn3njt2oY5Zxq8e8FTMJgvt9fBgcBvUT65RWCkt5U9WkZpg1u7pGmJHvYsBbscD7LRI3HiKsLkOh7fo5z1abcBP5xf7WK9GPPgb5u
金榜起名网,241,79,162,18,147000,http://www.baidu.com/link?url=cMRzs6sKqeKzK3hmhmxw5N0oCuIdIacB0N7EZtAqMxG9987QKUpqB_xVWbjjlwxR
赵紫洋,46,0,46,18,61,http://www.baidu.com/link?url=daH0ysCcc2BtQ93fqttL8bOpeBSww20BhU4SyQuP1ZBocgzHtP8r4cfAKUW0FG26HGbj7cUqq95wthoIeEWQ8a
宝宝姓名测分,1,1,0,18,261000,www.jinbangqm.com
郭朵朵,1,1,0,18,13000,http://www.baidu.com/link?url=1mKK5MkobICCRt8vAnw_SCA24-RlKiMreZnzGOZrB95SJXiq8SwCAJu4quMv0fC8lzNrGve05al8Pj-fe5rTEa
金榜题名,1326,367,959,19,14900000,www.jinbangqm.com
王冫冖,709,172,537,19,11100,http://www.baidu.com/link?url=RHEMcoCwtAXInxUbXdSWJNKyDw9O5XyGpnul0dbkKVgdUgqQCAW2qormccX1moHFmQ1eJn02g3gPRbMwyc-rl_
金榜起名网,241,79,162,19,147000,http://www.baidu.com/link?url=T7kpcafFsARlS5z3A_qkk-wK82uSct_aaNQ0W58XOx8ZMCycdV3BqhWC1qZe8QbS
孙天瑞,157,65,92,19,21200,http://www.baidu.com/link?url=8rYG3TJtt627jtCCc0SwSayiutZ7jH5dvgYyAETDBME947csh1gwJLBo5XxqurFGl-yFi42CAzxHFtvjdy8Oypul5LuNQTacB-W3ag8giWO
王树轩,59,25,34,19,32900,http://www.baidu.com/link?url=eXha926IRdPUkUnqyFvyIF36eEPvPWHJMzSWuo2znjfkawJIOKBH4mpIFrJnbJviVmbRuVlHRQHN2kgnV8aa9yi6i4aJHmYt_FxdXThl_6y
公司起名常用字,52,44,8,19,2990000,http://www.baidu.com/link?url=T3AC_c50Xqs1e3RQzoF3YPLBhHZBzSnVDJSsC6KsF9VNVcGPiyzm0AlvvxQF9MCGpYY5bHFM4BnnfOf3QZSDL_
起名 打分,52,34,18,19,10400000,http://www.baidu.com/link?url=FTUF_PHpRkd9cNIbT7b91JA3yjnnFWEAIljjTsFVK0g1TEoz1BDQF6Fq1_ddjxGm
滕思宇,8,8,0,19,5020,http://www.baidu.com/link?url=JpC2MmV6HOHSZ-v5oWXFxirdGjw6pwhXUtZn1P1JPKHEb5vOup5GDfZa0aFL-xh6bUyEa1fgGTM1lC9vreI_lK
宝宝取名测名,1,1,0,19,394000,www.jinbangqm.com
祥安阁双羊保岁,1,1,0,19,80,http://www.baidu.com/link?url=OqGRi-zEzgh_yMq5Xgp7QFz5G_g-MrjxLL6_hk50PkpXBuzp5OaGEAm7apCsBZnWOhOTEYd8LsMUnrw6SR2vDq
宝宝起名测名打分网,1,1,0,19,1740000,www.jinbangqm.com
宝宝免费测名网,1,1,0,19,13500000,www.jinbangqm.com
宝宝免费测名字,1,1,0,19,35000000,www.jinbangqm.com
取名网,3968,609,3359,20,11300000,www.jinbangqm.com
起名打分,1128,161,967,20,9240000,www.jinbangqm.com
金榜起名网,241,79,162,20,147000,http://www.baidu.com/link?url=fcS2efsQbtCXuAT_zv-bfYuS9XslVWAMZ4SK-50t_H7jIs20LhXy2tyLTDxsJ6-ynXLIS65QDyodLm-6YM3RlyEHe7sQyGfahTg8zey-1tVNdFEJYa0mKgvGFrtcadi0ONrhmdbYO7qvYKmf3CVF-a
专业起名网站,226,77,149,20,5580000,www.jinbangqm.com
金榜,202,78,124,20,20600000,www.jinbangqm.com
康熙字典9画的字,185,68,117,20,409000,http://www.baidu.com/link?url=9-1b1yMi-rSC1jS5g8XcjcWJeLVLvZsvBIDJKhr5QCxBmIdPtPqRPNOWGa4ANqi1KloQSZf6GLV2-P0C0u_XI0SLe5RONfjYJS-0j4tVQPEQiJQPcU7ln5Z0yRb3e6nYsCMYA5GxB9jCbiqHW9iemK
康熙字典7画的字,142,45,97,20,11500000,http://www.baidu.com/link?url=wtRdWGWY4JfyN2wvcElyWDb4Dl156d0iibaqfN7AJdmBJ40W_80FNnhycDFKniK993TvQdIEWvvRucND63YQXq
专业起名网,73,47,26,20,3710000,www.jinbangqm.com
在线测名打分,72,54,18,20,1660000,http://www.baidu.com/link?url=seNUXhn0lEsROIY5mZgE1pr20KaKZUrNMFfozXdCLq9IERqKqucXVkbGnAuq_PZV
八字入门基础,1,1,0,20,259000,http://www.baidu.com/link?url=JBbaqlo764U4Zo8vehCZdeUhXDsOCThYSSvuzfmSJWAYSU0JQlfkaBd5Vij42jFdY_hChAnTjOmriEDzEB0VT_
龙宝宝起名打分,1,1,0,20,4160000,www.jinbangqm.com
起名网,11442,1198,10244,21,9610000,www.jinbangqm.com
康熙字典10画的字,225,69,156,21,645000,http://www.baidu.com/link?url=dLjfeb5jYKof1yw3GYLPt45wsdkKJbAMtpjwFbLPfofbDxz0tg7pBFa4BBUNfZlHHKdhqAAk2QxV1lC5cCh-r_
康熙字典13画的字,170,55,115,21,507000,http://www.baidu.com/link?url=RqYj_DNzJg_7MXZY_53ClcUNYwjayzqKwBg28niUOryemy2zVs0dzaIeKvIkdA975LNZZvPwWVVhLeapipkGVq
康熙字典8画的字,150,36,114,21,527000,http://www.baidu.com/link?url=ySlMIrKTd0remapEm9m1xE7UpyeBtB7YFQgreWr3qQiN5wLK-Kd10TDUSzelIkfiByiN1aDHcHwAekeacNOSCq
免费算名字,69,8,61,21,10900000,http://www.baidu.com/link?url=LejEIbby0JukErpCpTXjY4yFzYhXFRVl_Ozj4Gf4xzXx351CvrzYrQMNzarwhbXQ
八字基础知识,35,35,0,21,2910000,http://www.baidu.com/link?url=pYxLfJtIegc_4UFRiK1yzi7iteSK2vdhE0GifDBSz58sZ47i7DYQLmukSEJvBjWB_hBbQoYMB4h_Bj7usz5-__
免费给名字打分,8,0,8,21,8140000,http://www.baidu.com/link?url=GVgxLJPDF4Ag_QtoPCXCEXUtjU5rUFPPUd-czIDpasFP1AKfzO3xo4DfCfmJ19Pb
董芳泽,8,8,0,21,6440,http://www.baidu.com/link?url=FdI-PDwW5Gp74BWmYzO-cDIBWFryxWLGyTFe6auiU02yiRchXn2nPEooQSze25wdGNSUL7sZykckdzSIea2hDa
起名三才,1,1,0,21,6310000,http://www.baidu.com/link?url=smKpfdTWK_L5V1Te5tTZ4q1jw_3dPz3eddHY96Cu0JS0CzcV-fFC3r3c_brZXOM5rDq6oPYIk_wRrytCdsE6wK
免费测名字吉凶,1,1,0,21,8070000,http://www.baidu.com/link?url=062CwjvJjZj5b7okiagigDaE7GHwklKaqidJ8pVOujQ5swmWT_kcD1oEwbD8LFmf
何宇哲,1,1,0,21,9120,http://www.baidu.com/link?url=bOeNXgT7-BYHAYYOaz3Sxvp-HVy13hWhMOJYjRZN12O4J-Pj1ka9MC0Jx_oshotRGTSkHSt3f8qh8ILeLOC7xK
取名网鸿运测名,1,1,0,21,60300,www.jinbangqm.com
取英文名,1029,265,764,22,6990000,http://www.baidu.com/link?url=eaqwLBSQ65DfFki-oku-IiCV49zjJn7YoPaAbtWpkmCbKvtB587KTB6P8IQ7HWyiT1AVBXsvwdP7I9J7WkbZNK
免费名字测试打分,379,53,326,22,6740000,http://www.baidu.com/link?url=5aEhAEntmhvfTCEGmu3sK9NSFsBnimt9g1DJiWa2BDKJhswBLbSTSaMKDW44y3OD
免费名字打分,196,53,143,22,7400000,http://www.baidu.com/link?url=4EACx93CDu5jrr9da5XE0H3RBIp-1QbBY05iXCpjCq7NaZeZpMoSW07NfpTzyrid
康熙字典14画的字,192,56,136,22,566000,http://www.baidu.com/link?url=tEVVrHuF-dBlGkMdOBHdFkUmacU4CC5bslWZL9a4yzqDvpwBcVwXLyI_CpYBU_WFjav7PFgqNWweQF3H3Zst6a
名字测试生辰八字打分,134,70,64,22,9410000,http://www.baidu.com/link?url=Dx6eEZnMmYlypAWya53ZI74WzU-voRUsy01IOq7JvQLVEOgnQAMCWTIEpqVSFTQZ
双胞胎女孩起名,123,48,75,22,3230000,http://www.baidu.com/link?url=xdYb1sy3oBKO0iHOn_3thxHxO6YqCkuVD7O1LMrGJDeJlhcvVZvruzpjtBSCFDap8Gr1EaUey8D0iU3dN3MNWq
可爱的女孩名字,106,34,72,22,1530000,http://www.baidu.com/link?url=hkFD7Bqt7ksXprU28ZhIXVrLYehuTW5ZuZeSa13DgcnnDT-BX1tlhmRm_3YAcyTiO9-8_a3PEmPYjQoO3OhIRa
免费名字测分,26,8,18,22,14900000,http://www.baidu.com/link?url=ygkGUS16SZxzR_SPpDXS8DBFIG7mxM2aXpRNLQ-N6rK-Sj9odnKR6E2CobpWQrAP
起名网免费打分,9,0,9,22,2790000,http://www.baidu.com/link?url=AqlNqeL6daLIKXglHFNmhZwEYYxwS0cjod47IzM0T_nPCLteyVgohzwo6OFnIYNF
唐语涵,8,8,0,22,9470,http://www.baidu.com/link?url=Kzrjy_LbJa6yPNX-_rdaX70KT66wCOSaqJXKd_ma4KC11SBszpWB9w7ZFOKVw_SNiGDGd4L8GCq9cjRIQjfy5K
姓名学常识,1,1,0,22,5440000,http://www.baidu.com/link?url=QSgtB87R20CBresNFEvZqxxberA-UCJlFrCVA_F3hGnXU300nQur6ZSXa09nFGk-UBtz9YOo-TNpaGJrv_KhLAohVxAXIFPLndEE1_MR68ibxGwU0LjMP9FzVjKMK7aB
张贺杰,1,1,0,22,9880,http://www.baidu.com/link?url=nStIFPmToTmPatmOQ0XGmJxb_2oS-ldIQLTrlE1dCchJGKmDsDfxUE0JBtDSlJ91ZjFmcpLcsBkkRGXkwFeqm_
在线测名字的分数,1,1,0,22,24900000,http://www.baidu.com/link?url=-o5GKOnEr1mVHaiUhsRiUEhptutilk9-jeF23fWNXrgnVWiY0J1A75ABIu7jnyvx
免费取名字测分,1,1,0,22,9630000,http://www.baidu.com/link?url=jmp_GXLFmKw1pCtE6LhcljVcDGcbwv6wun48DX3mC5CLaSHRCRNEDCXX3j0tGPbc
免费测姓名吉凶,1,1,0,22,3950000,http://www.baidu.com/link?url=PiDyghQKTSDwUdwmaKMp9oYnUS8ULfTOkIzg2x6231X3lcxvBEzG78mfHqS9spfE
姓名分析测吉凶,1,1,0,22,514000,http://www.baidu.com/link?url=sAxAHiqmLqS6ikZ1ja6QdJOGOTfJ_BTpo7eiw42lCFYpRtPcCbXsG0Rs9L365kTX
名字测试打分免费,1,1,0,22,19200000,http://www.baidu.com/link?url=uZuFy0j7asUiTY2S2jrENkhEN2bRPUoWhg4yduIgo_CTAUDntOwufybyWLulJLVz
测名字吉凶分数,1,1,0,22,9000000,http://www.baidu.com/link?url=4pJI1WkfwXY_sEuccnn_euBBsR4-LGcJSD1-_Q_eyZ1YPJF0Ce2ixsBI59nWeMEW
免费测名字分数,1,1,0,22,23500000,http://www.baidu.com/link?url=5gvjWHjBvHBI6NFKmH_2P3S9WQNnl5fAqB7_NOyo53ooZU5BtpgkmlNixLAEkpB0
免费查询姓名吉凶,1,1,0,22,598000,http://www.baidu.com/link?url=PchCVx3idgSxdYpRPsfV8G5ZUFEssZ8Ffin2LZTyywsGWKTvPdx-cLGVWPbiVZ6R
起名网免费取名打分,1724,485,1239,23,7530000,www.jinbangqm.com
康熙字典12画的字,285,70,215,23,524000,http://www.baidu.com/link?url=f0Evfnt7BCkZ9KAp6DdBoGKySLPoiSVYkfTFOwi-1IgQ7s2eRBRo_zEGFGPeNNRmz06IYLrkxxefuzpD5DdB8_
免费取名字测试打分,191,8,183,23,16100000,http://www.baidu.com/link?url=3DvCvE_mMpuxN5MQuDo1EfzeWl1NdcsQEzYg6F52v2vXjja0WUu2TbAXeGU73unz
沈泉,123,54,69,23,556000,http://www.baidu.com/link?url=2f92IgnVCK9poTfXX4SfMMgXD0-0rtXoYhOhR1l5dTwHoNuhsShHhEnJ_6yhoz_8c8Hyz6sf87tLQcx6Vf6aRJltcNGsxTzLMgjHxeGHZxG
免费名字测试,105,17,88,23,7650000,http://www.baidu.com/link?url=f_Klt6TdrDKX9x1GhhLG9X4qt5QBJcW2er5ZwEcUIn3DkgBlm5_mN4SxHz8h4xGl
测小名,47,0,47,23,1010000,http://www.baidu.com/link?url=e6LfZT-rZ5Xy9WvwxYxVZF41xG36bql7wV3Dx_ECpN14zhM9Cm_vnVHKUTdkheFtVtjr2kNUQCCtz8xGw7AMU_
在线测名字吉凶,34,34,0,23,7400000,http://www.baidu.com/link?url=ENpCZaKfp2FIg-Mpg2jWbpaTzvLrHl2HHuGnX3fbbLG31spo5xI_-K70w6rXmigI
免费测试姓名打分,8,0,8,23,7900000,http://www.baidu.com/link?url=0ojObYf9eiuFSCbALTRuk4U07cBtGCF6fbyR1_y4SKWTQVwMsnAeRULDFAwDpStv
龙年双胞胎起名,1,1,0,23,151000,http://www.baidu.com/link?url=JWiPayS7O34rehJITFShK2XgSTd19LSSVT-M_Gjy8_pQUvHQHsL8yOLf5qDoFWGZevTI0h7uKQCJ89t2Fs_569ufkeit5XhpSQHcsHWbbWCFGV9P2AOIa1dxVoAGfg9A
测名字的吉凶,1,1,0,23,8670000,http://www.baidu.com/link?url=RZIaBS1BFI3AvrdNM_UtObcM9s0DxZfWDJ1Z2XZgRhHDQPBNpwfgtnm8tB9IQv97
起名网生辰八字取名,1034,319,715,24,3740000,www.jinbangqm.com
宝宝姓名测试打分,533,142,391,24,5280000,www.jinbangqm.com
宝宝取名网,195,107,88,24,5340000,www.jinbangqm.com
八字入门,172,68,104,24,1570000,http://www.baidu.com/link?url=c3wD0wMWblATUp0O-YYW4cemm-AU39AdXD9iHxIhsA6qBQZ-bk_0eYkbuXtzKUzQtAbm78E2xDD2D6MxdZl06a
取个英文名,144,62,82,24,3710000,http://www.baidu.com/link?url=6q7zyuJrQdVE99UOmtCcxmni-ZkYmK-aLmR5tKSBy9VSJi_Obu6li1fs0Hk6301AXxaMA8kvi87qhKZNzJW5d_
姓名吉凶查询,8,8,0,24,7520000,http://www.baidu.com/link?url=KRoO5QBqCtDPas6oePJPawV9i9C41GPdOOZ0-XgiuzgvGpKy4QQbncmzGvbGWc2Q
免费起名字打分,8,0,8,24,7080000,http://www.baidu.com/link?url=s7O7U3HvU_UXYOg9Ya_gd_9Sh36qGVS0pYm5jRtE1ZGIv_bmd4mnQMvf4rEr6Wjs
免费测算姓名,1,1,0,24,6680000,http://www.baidu.com/link?url=WLlATnHdWkCgfXtHMeeaX2_1m3v1oJ6gzZQyH02n4gCC44cIu0LLVA4-1ersBOLC
免费名字测算,1,1,0,24,7660000,http://www.baidu.com/link?url=XPuIlOxUfkQ1OQbzhqSLSoeWdbt0btyJcQ2XD64u1RXNAot4McYBvvsXKe43y0di
免费测名字好坏,1,1,0,24,23600000,http://www.baidu.com/link?url=vWsRUMktymu-RdDiOtKKvL-rahqE_IrHe4Nv7eNaHjBHQZ-uJLR0Z4kAwSfwihyH
免费测姓名与命运,1,1,0,24,8660000,http://www.baidu.com/link?url=QZViKTTzj98ta3Dyl3ytJkc8tltut8VxsLDSfV1Nzkq-SbeFRCmL3F-pKCMLCbVA
免费取名字测试,1,1,0,24,15200000,http://www.baidu.com/link?url=A5wKUR0pBJN1ACkEyc1FUsLAeggTVX7AKds3H2mYLLeNmZa153whNtjmjhb7Phuy
免费取名测名网,1,1,0,24,551000,www.jinbangqm.com
鸿运免费起名网,1,1,0,24,131000,http://www.baidu.com/link?url=9DHB5lc8CfaIwPON9TlOjVVdWZgUFzth9X_ofB-AljPvFa4YsJ8uBuIYQxeEgB3_DO2jPFe0NQhdbOcInXgg8q
免费取名测名,1,1,0,24,4400000,www.jinbangqm.com
唐明皇起名网,1,1,0,24,10700,http://www.baidu.com/link?url=r_pRHtYvCMC5k39lWr4DWpwCNXXDPJLU2lEcMVLTJ3Lf1UIguCy3VROc3D6q0Gz3tIvDEOqZm9o29oK_MTHQdK
女双胞胎名字,1,1,0,24,672000,http://www.baidu.com/link?url=52Mp2qNkc6VJYM-roKD6ygxfM1eympCJJFtUGENknZZPKXXinCbPgJeLuwla7AO3VySEHkm7dGS5xeTk6A1_7_
测算名字好坏,1,1,0,24,12200000,http://www.baidu.com/link?url=vjvjj3Z2_6ZtzzPfx4m16F3e57jIgexUUfpTdw1dulVfNWw-9t2QC_TUFM82zvqX
起名 鸿运测,1,1,0,24,17700,www.jinbangqm.com
名字打分免费测试,7557,248,7309,25,6860000,http://www.baidu.com/link?url=DMaKy8lHEHmYGeeHXjRExN1XTr6rGYMhU1zxFPfPYLuGMVB9Q8DnuP5UFx5szHvm
免费测名字打分,1279,107,1172,25,24000000,http://www.baidu.com/link?url=xaTVKHDQ0bcishdo4l2NpnHsY9OdGn-wkjPIecSVTqYhriWrxjHreaUTe9YKkP1z
免费起名字测试打分,926,73,853,25,4940000,http://www.baidu.com/link?url=4hS6xCUJjxsoh5XDGvlUhbK0vKSnK700rfFz1eojmL5jdO02sYQJTuyPh3By2hPN
免费姓名测试打分,509,66,443,25,8030000,http://www.baidu.com/link?url=sKRaaS1juwl3By7VgSqLpa1SotASZKcCMa3tF9wndmKi7jn4Yfzj3TT7nPPJ7zNC
宝宝起名网,415,114,301,25,5120000,www.jinbangqm.com
生辰八字测名字打分,320,82,238,25,8700000,http://www.baidu.com/link?url=-icfW0JnoEjYq0kSc2bRKlf6Zm6c56ug7s9lQJcm5qCIzLCN9JHsVAo5oeKdPtPf
怎么取英文名,202,67,135,25,4010000,http://www.baidu.com/link?url=lPTHVqoyqSr0orqNTmWEI3EIXlyJ5UqdhAqyDeoEXmUtDszQQslmOsRVmLodQDfM9WFChOjrUjn7zN8aiGwNsK
免费取名打分,201,42,159,25,9980000,www.jinbangqm.com
装饰公司起名,162,79,83,25,1190000,http://www.baidu.com/link?url=Vrwza7f4t8hZR049FQ8JXlaoDOpyGo-YJK9gdbQHLEyjYlRGB9qUfc_owI2VrgK54BxjZS7_ZyzvtLE54MJSnHaCsh6vQfvjvjxqwSlx3AwC0TJh795Bs6VkVFFykFYM
五格起名,152,44,108,25,8640000,http://www.baidu.com/link?url=yYe59zhEyLUrzHkomoLNlLh9jXTnLYiuKP1-uLQBMji6cdLVu1uTfsATVcOBPaEOpTisoKWPmAXDGF1WvNabtK
免费起名打分,147,28,119,25,6830000,http://www.baidu.com/link?url=zQX2BFCxOOGbLr0FR5wEFQe3QHk8DDaS9migBY-2A_-iHfFZ9q6yj2IsXkAOnuFV
婴儿起名网,142,70,72,25,3600000,www.jinbangqm.com
免费测名打分,129,8,121,25,2070000,http://www.baidu.com/link?url=hbYL1ZjiJL2iELPOV_jK7jJFbmH25MeXCo90RKCytEnzxml_Kmx1qrqVyc4F2-H2
最好的宝宝取名网,118,110,8,25,14700000,www.jinbangqm.com
免费测名字算命打分,110,35,75,25,29600000,http://www.baidu.com/link?url=-p8pidQJd7MszSzT1pyqflrwS6rUkfL-wbjkbEzSO87d6PyLswB_3XcOe_LbJY22
测名字吉凶,107,35,72,25,6870000,http://www.baidu.com/link?url=NZxTAWU4xoOMgJaxlSu8z6PTLkelaHj0yASXmTpclrNAntLddLIl5ZgtRVoCERqm
婴儿取名网,64,64,0,25,2310000,www.jinbangqm.com
名字吉凶查询,62,0,62,25,9130000,http://www.baidu.com/link?url=r4fWjUSZyNIcdl3uDZmXDn_DHTmhEBu6Zd88OQH2d_HwuFFaX0mBqqpnJKtu4PFB
取名网免费测名,52,52,0,25,1630000,www.jinbangqm.com
王新年,52,25,27,25,1170000,http://www.baidu.com/link?url=mCaz98L3kPwVnGCB28B3UD6_DPZVTrMJJTgYhtjN7FdC42CKKPYylhcUV5asw8m6nauD7FdentANxM86CoUD1g2E13uojKcwDEawbyYZwYy
免费姓名测算打分,8,0,8,25,1540000,http://www.baidu.com/link?url=tlL5MIjqkyZ4VBkLMbt9gBFv_z03cUYhjsDMCcZPSc2jQ8HOcYkuwhbSHR9e7pTc
免费婴儿起名测算,1,1,0,25,7130000,www.jinbangqm.com
龙宝宝五行取名打分,1,1,0,25,1920000,www.jinbangqm.com
九州金榜,1,1,0,25,299000,http://www.baidu.com/link?url=GPF9d_r2Njvc7RGwIYePzUclNiQVXfgGI9NdUMVHXIDpcq06fFIc0pNpumidSGQ3AXSbXRzzpSPy66E15i8b0K
怎样测名字好坏,1,1,0,25,28400000,http://www.baidu.com/link?url=252X3mIkwxpwzhpazgSPcoqURFI6g-3xgz1BspkECR-3M-BwQv8UmyceZ9oWSwlH
测名字好坏打分,1,1,0,25,7430000,http://www.baidu.com/link?url=9qv9vEojkpmic9t8yM-R-XcwT1cJ0wiwvtqC8IdWYO22WGhX5TmlRcs9-P9wIxDM
免费测名评分,1,1,0,25,425000,http://www.baidu.com/link?url=12ItJS6SFO9kfopuCoXZieT2x6dzmvMTPzDd_Ro_pttFIhiC7fBFrIgBh1-CjA3H
姓名吉凶测算,1,1,0,25,5350000,http://www.baidu.com/link?url=r-Ov00GCJ_xKYT85H2CM8XjioDxcyxH7JyfFfUN_jK1VwIzixINR0JuJ0Z24fUD_
宝宝测名网,1,1,0,25,259000,www.jinbangqm.com
免费测姓名打分,1,1,0,25,29500000,http://www.baidu.com/link?url=HYt9VEOYfvrDTBPp9leeAeM2cRVTJj9DHaAkkkpdQ4y5vSAAgKtmIlckY4hEquya
免费姓名测字打分,1,1,0,25,8030000,http://www.baidu.com/link?url=xhhPqX1A9AhQKnI49bSTyw1xfKf_6EGSkejn5ZT55Rj7f0UCBEWrzauePmwoiLJW
免费测试姓名分数,1,1,0,25,2410000,http://www.baidu.com/link?url=Zv5LzWQvx2mMyD941rAHPJqtO6N8sudEbw8EOXA7UwxPiswP-zEErygrTNjrwTs0
姓名测试打分生辰八字,1251,375,876,26,4940000,http://www.baidu.com/link?url=Ijr_8b5bYN460vCq-c2nT1af6I_VR8_zkmlxjfNpetymYrKEId2liKSn2i6ZCFdu
生辰八字起名字,1186,223,963,26,9380000,www.jinbangqm.com
给名字打分测试,261,58,203,26,9420000,http://www.baidu.com/link?url=436aUU7_md--7TroVqQoUBZW3SUUc9aKXHeqN2bowHOyB5f1gwXIwSzSfMz_FARv
免费八字起名,222,56,166,26,17400000,www.jinbangqm.com
专业起名,142,55,87,26,7980000,www.jinbangqm.com
免费姓名打分,117,34,83,26,8830000,http://www.baidu.com/link?url=18Bu8r9m25gVOVKC9xYY6hwY8RuMqm6CcQPVWIEAVkQQQCngyUVEAGOruUTCEvf0
小孩取名网,68,68,0,26,2880000,www.jinbangqm.com
宝宝起名网站,66,66,0,26,7370000,www.jinbangqm.com
叶轩诚,9,0,9,26,6830,http://www.baidu.com/link?url=KHw95Egm6en5Xk1UO6dLZsMkiF22PxqHBmLMbGwAHNvzNub802pt-N2f_UUohn2_vjqZ6HtopwrxRpQ5bztmNK
郭uu,8,8,0,26,34000,http://www.baidu.com/link?url=vxcdAP-V3CEERMv-f827fBKZ4QitOGmQZh0j3GVKSTlBkssYfS-MiroJ7wKMTbmeR_q2UEXeIjh1aeJJq7ats_
在线起名打分,8,8,0,26,7690000,http://www.baidu.com/link?url=Tm1eIqMCHNtcfNloeUbk9YG6EfDK4B-rg1kVXgaZgbyautrfEdf-kpcuab1ZMPpO
双胞胎起名网,1,1,0,26,586000,http://www.baidu.com/link?url=k9Y2Ch65d0CuwfViUTjv4aoQfJQeP4-hl4lUxYRoiym_HK9_wuCEnXt3hS_uqqGv72AV5rJm9FkmPKRjYZlYyucwzsPwPRhyk5yELHGBkX27bAVI3BuphvwA84csUxd9
鸿运 名网,1,1,0,26,118000,http://www.baidu.com/link?url=eBlxmHUpQnwl8YjKImkpJyC3JYNUBC0XLO0m21di04p0L4kKZ7KSpbIu-sOLgnk4-mPkdKWwSCuq9MrloKQD2q
2012年龙宝宝名字打分,1,1,0,26,1430000,www.jinbangqm.com
在线测字打分,1,1,0,26,5620000,http://www.baidu.com/link?url=kpRNCgfAJIIjRdv2vzUhGsoc36xa5GEGoHwUPPm3Hnhx0gj9Up4dIZa0XPerajN9
林禹翔,1,1,0,26,6920,http://www.baidu.com/link?url=kyaWwCYrSOGY5EgFnot4WyylRAruQXYrfEETStivc9dFZJsPVyJu38ZLiCWf8ukjEHj-oCdoy6Kz37LcJJSIiq
宝宝姓名测试打分网,1,1,0,26,1330000,www.jinbangqm.com
起名笔画数查询,1,1,0,26,8110000,http://www.baidu.com/link?url=BCpNxBogO7BiAaQnF_DBX5uwHPHPmhQpCrRtxDu09yJkRgZOUE2sDp4_rslCjBg1Xp3eji8NjsAWTF42Oe4JWK
姓名查吉凶,1,1,0,26,434000,http://www.baidu.com/link?url=eAdraIWLFbXw75fvRRA3JgpGg8fppYBfm6dX7rxn6j3oiB4l0meBOeMidRQiUEL7
宝宝名字测试打分,1084,131,953,27,9290000,www.jinbangqm.com
生辰八字取名字,1079,147,932,27,9050000,www.jinbangqm.com
中国起名网,450,152,298,27,3830000,www.jinbangqm.com
吉祥天,202,77,125,27,1570000,http://www.baidu.com/link?url=t7OIkaWRr792IH_IjyXyMMhXvRllgJj6XdVREVILhsXlifzrtdoXMF1Ox5Npm8N2tO7FvS9iCSczDoox5gVokqPwlCDO9P51hWijcx9uetK
宝宝生辰八字起名,160,35,125,27,8610000,www.jinbangqm.com
陈正昊,90,34,56,27,52200,http://www.baidu.com/link?url=_xPjtHs67yngU4kI03S8pk14LVWcB9ENmM7yKS2f1tnnVgEmANPvSDnnfF7492Ks-rER7enKLPDbUglbhogwla
中国取名网,88,17,71,27,3830000,www.jinbangqm.com
免费测试名字分数,64,64,0,27,14700000,http://www.baidu.com/link?url=YiJqoOj9pUgBMfYwXIAjep8qtRo9LrsG6H10rymL9HrFmbqWUgUFcmhl137ENoQW
常用的英文名,35,18,17,27,4980000,http://www.baidu.com/link?url=gBq5DbmMhUEjnhrKHl6ve8MnKwu6apxZXeR43wScrgKsGZgkJ2GOShLueZLr0R8gYESwkPQ3YXO1pD5PI6qS5q
双胞胎姐妹起名,26,9,17,27,3090000,http://www.baidu.com/link?url=ubZQ2OLmB2sx14653B9j9mHNQHnGIoZBL0p0KLPjMDpUCTwz06pZwDVg7CJpDuna2S5A-AzhdNsOCkSSEODHVK
起名测名网,26,0,26,27,4230000,www.jinbangqm.com
姓名预测打分,16,16,0,27,1700000,http://www.baidu.com/link?url=pmeEtaooXcItrfR7cATnbOR_0RM6nCGTypWd0lSNJsxsRNzpVry5ja8Wd-Y8h6Cw
张艾莉,8,8,0,27,35600,http://www.baidu.com/link?url=rTPnTMpHonMTyE_OK9ytiSkYTCSXdgXyfCW12e93QKGeh8aMOCpw1ER00nzQo4idDRSAp756PE2z8ezJcygIhRcAbEgaa_7AO4X071b93Li
子轩是什么意思,8,8,0,27,1380000,http://www.baidu.com/link?url=sbDuQl7pEGS4tgIA8MbrLePqjJ865OQpcq8RP0fPJW4hhc16RaBNh9MwBnJ3mo-LbovsWC9d4Il_w-sISov5xTSEWdgs16QYyFtb3Gnm4yzyNkzrFK0NfBcbH0-Da-LT
鸿运起名,1,1,0,27,2710000,www.jinbangqm.com
中国宝宝取名网,1,1,0,27,1060000,www.jinbangqm.com
免费测算名字,1,1,0,27,10200000,http://www.baidu.com/link?url=CNSoMs_ULEaaTkLFK1nWXcV_qEl9NHixDZuTyg5LjAG5oaVk8pqsOiWz6O1iUsiK
测名字吉凶网站,1,1,0,27,6830000,http://www.baidu.com/link?url=xcj3CbZixXjJEuZlUG68nvSJH0M7_WtUhS_6PUgAwalslRw3Gohm-r3fD7sBhGAq
若岑,1,1,0,27,71000,http://www.baidu.com/link?url=-TsnKZzPZ86146MzBAjC2lFCD31gc3oKhipSoWiExotgBHDEOOmbnrfQetRqZZ1qUSrx3t9adPqisaCmKEUWJ_
免费测名打分网,1,1,0,27,10400000,http://www.baidu.com/link?url=pXPd3adSnp2gPHIvcZfdP07OxuA_d-ZsVaDgphkZcmK2LM93DirLXq4DylgadKNL
按生辰八字免费测名,1,1,0,27,3750000,http://www.baidu.com/link?url=UdMmmk10jC8dT6XOHoVdKeUu2A5OapuU-aET0xUf04YNyIMP--3RtB1-sxTdw_-i
在线起名字打分,1,1,0,27,7010000,http://www.baidu.com/link?url=aCL0IZuuJ8IY6O0kJue-6WWmVWX2w6nP-u5VbdEpDwWDA_g4ijtspOy1plllg-D-
免费名字打分网,1,1,0,27,5760000,http://www.baidu.com/link?url=NFY65AJOh9V7cKfOw5h1mUXj847uUGa7mMQlddU4yweL_K1CaAWRcCaokZi7upke
起名测名字打分,1,1,0,27,12500000,http://www.baidu.com/link?url=EzMe2b2G6JB2YZGPCFMRMhRSfR2byo_E4qx0rpOtexYfiIJMUovQK4Fdyit9LZxB
双胞胎怎样取名,1,1,0,27,3380000,http://www.baidu.com/link?url=f-Prfl2diFla3MsCapSPWJ4QVU8-_jwh0nU29ZA9xPlCQpFcW9WbvSk-T8SWAHjNAlLXYVCaWLeep3moR71Zf_
名字测试打分,13709,4449,9260,28,5430000,http://www.baidu.com/link?url=IMGWlJFLzTnh7kfd23Mw5JFgPOf6PEL40AI2Lu4-aGrliFEwgdz1Gud_Som8CXxN
小孩取名,848,204,644,28,12000000,http://www.baidu.com/link?url=7s_hi4nh5xa0ekMRGmymiSZZtrm6jz4H7dztkVmRzWrN9GpaK05LJ_WhDXq2NJwK
八字取名,643,119,524,28,18800000,www.jinbangqm.com
英文起名网,534,421,113,28,8100000,http://www.baidu.com/link?url=_gcLsrsVhfThiolwbRNFz7WFvUzUX6_NcEw8jo3RDy2wN7beCGvqQ0kPz-r0lGX1i9GsSoLJAa5DLfI4iBp4ha
好的英文名,212,72,140,28,5670000,http://www.baidu.com/link?url=097VeRY2hj8Euz8cEbovg0BybAG35hm0YSrXB5fGjKLhT-44iEzrwTfF0MJrNrHvh2IAgRRd2Qegnn0giAi3qK
名字吉凶,203,67,136,28,13700000,http://www.baidu.com/link?url=44VfZnHc317McqRjb7W9co2H9pPAngX1Gwj-3f5XdM6xdkdl6xceccMxtDJxjpnU
起名网站,200,106,94,28,18800000,www.jinbangqm.com
小孩起名网,114,67,47,28,3850000,www.jinbangqm.com
小孩姓名测试打分,112,18,94,28,7590000,http://www.baidu.com/link?url=swrCgiNGSBEoiortYw_2bjCayWa14rV3u_HIJBeiq_NuYgGngBuoX5zwDz-si5LcHEzkUzeY-OBH056pl-6nk2ozX4QewU1nb2mdZE68Vuy
取名字测试打分,107,70,37,28,9210000,http://www.baidu.com/link?url=m55U1pn5dl2vgZGgtwBilahtJFnrvuwhncPrhzlxVKwvxHJImYqktwS_e7QKTutd
起名测名打分,89,0,89,28,2210000,http://www.baidu.com/link?url=B5c2Fo95L327UXDvXa_J1Tj2TaK1eza7HC2YM250IKg4S2zxbUxsSpO51kDuQmrj
取英语名字,52,8,44,28,11000000,http://www.baidu.com/link?url=Ow4VmOmduUFGMcCcP4-h_zfNfNKcLdnIKx-K16CszbJQt6zEaNvVSYL-E-Amzo2d69-R1e4KqYIavO7MHcZwKK
取名字测分,18,0,18,28,2680000,http://www.baidu.com/link?url=QITd5cIBhNPR5RCyZ7h_3xungUtJwFSAxPRFLpPhDI_nOHzKikCU2RMa5UxS2y5s
婴儿起名打分,17,8,9,28,9460000,www.jinbangqm.com
电脑测名打分,8,8,0,28,2640000,http://www.baidu.com/link?url=3Lsx7ad6UF-CfvTn0HHGQQhpaejbB2gx3ZC1O1RVFdKf2hdUhZ2HE7KOt0sWdFq_
好名字测试,1,1,0,28,10800000,http://www.baidu.com/link?url=lWSQi8tWHpGhwfkf65ObR1vNpa3Yd5lrvH6U8EuX1OrrMMTdNNnMk7JbTOrwzFwr
测测我的名字多少分,1,1,0,28,5990000,http://www.baidu.com/link?url=fZE5BVULkfphK9IDTow7wycLFLEIWxDY7-n6oH8YO6nJ68ZD8OWTkG_jz8u6rFpO
如何测名字分数,1,1,0,28,28000000,http://www.baidu.com/link?url=2IxQQPhWM9V-rZkBWPifQhf3iI3YklBfZ_OX2--aC2X0ov8Ieuk6ZO4t_MwTVt_y
八字基础入门,1,1,0,28,140000,http://www.baidu.com/link?url=lncWnwGDuv_yvZLiGqRXcgsMbJcyLcV10PGt_C_1EvZgjgd4hQygybbEC3Zx3LWJ77hId-jiOZTvrrVce2t5p_
黄一馨,1,1,0,28,8590,http://www.baidu.com/link?url=hCF4xEBWi2aeOQLXhRP-b3-KNRV6EZCd8is1uCkqaRtFpZTY2Q62Asb-lfKIEKZER6uxWOQhtqtAtDIFVr5pRK
取名测名打分,1,1,0,28,3600000,http://www.baidu.com/link?url=o_f0m0zKrfnkmWLyvH1rO0mNoQYXo48uZtEQ9jZj2fskdUgjZZ35GZa-4E1O_OGP
鸿运测名网,1,1,0,28,207000,www.jinbangqm.com
免费测试名字得分,1,1,0,28,17800000,http://www.baidu.com/link?url=poTu9PnmQ9eSOvfWA3qR_ut9Nr5uN1fkC-3tKJ36g7CqNDTGm7L3s_3Vtk8GPXHq
免费测姓名评分,1,1,0,28,980000,http://www.baidu.com/link?url=X5dobR8_tFUmKy8sW6Pqkzxra6Ps2YlQ3ey5fxLeWyJP9smyDhriuJr789dW9A1O
怎么测名字好坏,1,1,0,28,29900000,http://www.baidu.com/link?url=4Wv-sAE-xZoi2U7doHz9aQUiG0aKWZIw2feS6KEVqlpokNEkZ9VcZiJGLWQrwmgL
宝宝起名打分,903,81,822,29,5550000,www.jinbangqm.com
免费测名,397,73,324,29,4160000,http://www.baidu.com/link?url=OIczEQR7KSIuQVd5KpBSEM_J-Ceb2QnZrfIkNY-eAz32Dy0YonPdkFT6aLCDQgMB
八字起名网,254,103,151,29,3710000,www.jinbangqm.com
测字打分,212,33,179,29,3720000,http://www.baidu.com/link?url=6tniqZPeJI6Tqs_cxp-teKeDd6X4vVRUZ6MVxEzpMDBv5TaHeXgg1udW6u_KyKCR
免费生辰八字起名,194,62,132,29,6260000,www.jinbangqm.com
生日花语,173,68,105,29,7960000,http://www.baidu.com/link?url=t2KChyD44DEshEUcP2N7YtOF3mGh0yMBPgB6tr4Nocb6uSGccyIr-MX_HvmZS59BdqD98YwWvxNtauBPfBpW_-CgMbjKdtpRwWF5KMZuqFtx_PHAG-99zIF0UHy9Wt8e
常见英文名,154,70,84,29,4490000,http://www.baidu.com/link?url=dWvFx77ivRhdBXkITl0iPeRXBKu4L2pDqWmR0j3RuxvvYCckX4iZiHIbMLuStTca_isVJWLX60xsgQXOMicj3_
牧童吕岩,136,26,110,29,480000,http://www.baidu.com/link?url=pIZqOuQxISCsuRwGES_gt9osBMjUmOOVDgttxbSbBrmpMnvb72qEHLQ1iLnGDodcnsZTArC1sbqKI_mAQ5ipe_
牧童吕岩,136,26,110,29,480000,http://www.baidu.com/link?url=q1e-L9LieoH0w5aruk2-9cukOb97y3EUBEKPmrWkxVD3yqw5VgupBPv6MzUdeIHuu7jP1acMpV9Mcuz4gOs3Gq
八字取名网,123,16,107,29,5050000,www.jinbangqm.com
起名打分测试,120,0,120,29,10100000,http://www.baidu.com/link?url=xzKD7wA9YEcas9GQ4iwB2Z5m2xFM738J0Iq7vSZ9v2OJKjzIBVuCjIXP29Qjsrl8
鸿运起名网,98,26,72,29,58000,www.jinbangqm.com
专业取名网,91,73,18,29,2650000,www.jinbangqm.com
孩子起名网,84,67,17,29,4360000,www.jinbangqm.com
宝宝测名字,63,0,63,29,10600000,www.jinbangqm.com
宝宝生辰八字取名,56,9,47,29,8210000,www.jinbangqm.com
免费姓名评分,55,0,55,29,657000,http://www.baidu.com/link?url=rK0cKGQrSmc-YHhZxtLQRSFCdYp0LXk6UEr898fu6aqHQ4RRmSBztc3vnTsPXTDZ
名字测吉凶查询,47,0,48,29,3540000,http://www.baidu.com/link?url=D9kzw1SUJDHUbDNOtRD9LrrwT1iEXl24P84ax3vfOgctbdxytYg2tdgKMA6Zf5nM
八字知识,35,17,18,29,5510000,http://www.baidu.com/link?url=HdgqlWrZkDqwh6_7WsfpfmmwY_ly0pioRJbYUYO53iGp8NkuyKUBidGnCGpew-ojuEfou5vjK0LqUgx_6maz4K
免费生辰八字取名,26,8,18,29,6270000,www.jinbangqm.com
1518起名网,19,9,10,29,45300,www.jinbangqm.com
免费八字起名网,17,8,9,29,4240000,www.jinbangqm.com
黄诗阳,8,8,0,29,10000,http://www.baidu.com/link?url=9g5d1SMqnvdOJh9g-OajuZG1GrPTdkSBCvkeVOXrsXFClSFKV_RFNwUWAxQmb0pCkMJO4ljbz33u70GH4IMo_K
好英文名,8,8,0,29,9450000,http://www.baidu.com/link?url=O9fhJEFhqt7w1DDzQ17KolBM8GHdk--kJvKueXs4Ru72OFODW_04MGimKY4NuIHqnLomNUqAc5XGwQC6rzcdha
如何测名字好坏,1,1,0,29,30200000,http://www.baidu.com/link?url=c6KKDMkJThpVbp-9MMroCAJp2sq91XntVYehubFDidLc4ibNRQZWZ_I0etfRIkNv
起名测分网站,1,1,0,29,8630000,www.jinbangqm.com
测名字好坏的网站,1,1,0,29,29500000,http://www.baidu.com/link?url=Jtrqs2BYhbaR1_Wljj0g3k0uD7xcYuk2D2XQklZAjebMCLZeIHOuIC0WgWnxx0oh
鸿运免费测名,1,1,0,29,132000,http://www.baidu.com/link?url=HdVkkMdhY3hd7pvUebyeOOEZt0P_PRxsEuj4N2XxxAUtzg58Tk7M93SUMQydBrFY7_QOamZwAfT1cBMvLZfxM_
免费生辰八字取名网,1,1,0,29,3550000,www.jinbangqm.com
鸿运测名评分,1,1,0,29,54300,www.jinbangqm.com
取名测名网,1,1,0,29,3030000,www.jinbangqm.com
免费测名字大全,1,1,0,29,23900000,http://www.baidu.com/link?url=Xh0CgdBbO0m4bt_JXThKuwDUPUz3l8q4vxoMenPZFWABkG9LOEebt7NlhuolFDoA
姓名打分数,1,1,0,29,2380000,http://www.baidu.com/link?url=AJd_XrRSaCe_LXKupW85WlbaNS-9Ggpf9G--WoZRosbMnO8AlKiYTC9RiV3YNWTo
傅一峰,1,1,0,29,25100,http://www.baidu.com/link?url=R8QXEmlJ3_DkOjXIHU0zIclXkLCWvJ4654-lf3CVjm6Jew8fykiV66ZAiRby3HKcSC8hHZmH9Vws8uI_9mXSkq
起名测算打分,1,1,0,29,8000000,http://www.baidu.com/link?url=1N5XdfRbcvK59WsJeXk0uLHnT-it1abCxbBfB09AhgrvNrAMfhqTUKcfyJNhuYUA
免费姓名预测,1,1,0,29,387000,http://www.baidu.com/link?url=Y-ig7D3pwMFGv89OMP16_jWGjWsTz_GbGI7zytgXEzyliO_tI1RRVBsDkCbSd35W
起名网免费测名,1,1,0,29,3060000,www.jinbangqm.com
测姓名得分,1,1,0,29,2740000,http://www.baidu.com/link?url=S2v5G0BfmpLLFuO4nWf6V05AMvLU1rCjzjWwB-M8I-O5dPANfsfrdIuSj9u7wGLh
姓名测试打分,28185,4143,24042,30,6160000,http://www.baidu.com/link?url=W8IWibm7gbpJRobJ6yBxvG2eDAwAsJKNOO9cuGgH3YVjQkd5bGDll4-m7Oqgf6Wm
取名字打分测试,230,0,230,30,6860000,http://www.baidu.com/link?url=d61cXA0_Q_-_5RvYYeqciw9Qe1f34t4FnYdxBke3NqVleWdPo8mJ7BdKNzMLcXoL
八字起名网免费取名,213,77,136,30,4240000,www.jinbangqm.com
八字起名打分,128,0,128,30,5780000,http://www.baidu.com/link?url=g2GveEA4TEHwKznQBpsauwcpY9FfSoNJ8E0YfOEnL_Rqb9tCIAEIL_HYuEF7U22t
孙耀琪,117,46,71,30,12000,http://www.baidu.com/link?url=X5NAwGccEkJlwHjRbpqEC_lk464LK-tesR5Bh5mANZsNqR4YXup80qiIlhEsHP2wTKFM44OLwZC2u9r8Mz0Eia
姓名测字打分,84,0,84,30,3070000,http://www.baidu.com/link?url=sjB5AwB3kJDSsEh7EBYXUE4gMC1MqEsUR0OQ2EONOBCmxAb2wdEj231OXnYVkgrZ
什么叫生辰八字,71,0,71,30,6430000,http://www.baidu.com/link?url=e6dJ7SR35vbdWGjm87tCw2BKjKuQWNmBEp3NDyquYEl_A2mRvivo5pj6SjM3Y7diZ3wQIiWKAUyRVVvryrAJ0_
免费为宝宝取名,65,65,0,30,4170000,http://www.baidu.com/link?url=_EqfMB3fUqwmCj8DH11hh-7tMDSL1FcbM_7vsMLrE0v2BFtiO5d2OrDKY3UaKSiyj1_SM-HtIh8zBQ2h7GlUbK
名典取名网,55,9,46,30,442000,www.jinbangqm.com
免费测试名字,54,8,46,30,10100000,http://www.baidu.com/link?url=BxGO7XRKWbxpd48JKyiJVlMD8tmUdanGkbI5CBsxRd8ERusogS3ZqON-3q71AGR6
免费姓名测分,26,0,26,30,3190000,http://www.baidu.com/link?url=roYz7rvR_NP8oOB-IIUIJkfXWLd_kBcYoRxjucrF4KSm62_-t8aEpCO2_3J00kmB
人名测试打分,25,0,25,30,5910000,http://www.baidu.com/link?url=TM8lhZNcslLXgINAx-SMF2BITeXrZUNaK78yhmMtgAJ9Yw4LLIMPvaCunSBWVuOV
李熙瑶,17,9,8,30,7720,http://www.baidu.com/link?url=EK__K1bvruao0R0GpfSNYx3U7Yn1TUu0tecSuAeOKU2tAIvSltVZxdaOz85N7rammwdT3k1HaPfY3qDWEHcX5_
女英语名字,17,8,9,30,37200000,http://www.baidu.com/link?url=0OXKFM88wssjKoJz-OKQmiIaSi8u3K_gQ1KIw0XNAlEh2Wj-cAPHq_N0cP0UQL_FvbIUlckMBP8nrIdgc2_3aa
姓名测吉凶查询,16,16,0,30,1660000,http://www.baidu.com/link?url=zXhpdh9_kY0fyZzgbBFZBPUeVhOwb65xxQd2R1-BWB4o6dQevq7Gvb5x2Wn02mqN
给名字测分,8,0,8,30,8930000,http://www.baidu.com/link?url=47o7cOvfFYzbwWMuE9vZvDRDWtSDXMjb2DYwhzWpB-XR5Mh9qrn9a5lhgRccJ7Bk
在线生辰八字取名,8,8,0,30,9820000,www.jinbangqm.com
1518免费起名,8,0,8,30,451000,www.jinbangqm.com
易经取名大全,1,1,0,30,3610000,http://www.baidu.com/link?url=iV2CeVcBx1b5QDbM_LuujVSJU1VwXNkcELN9WL0N22SHIq8PTbHj3olPT7cguQwg8NlK0D1-O13eC3gtzoMcia
给宝宝起名字打分,1,1,0,30,25800000,www.jinbangqm.com
1518起名,1,1,0,30,467000,www.jinbangqm.com
免费测八字起名,1,1,0,30,11600000,www.jinbangqm.com
取姓名网,1,1,0,30,5440000,www.jinbangqm.com
免费起名测分,1,1,0,30,832000,http://www.baidu.com/link?url=pluCD11g0iWArWd8kV1g9ZmeRg3W0hl77akFCfy_cnFRLv4qzDPhkPnDbOCmEtqC
小龙女取名,1,1,0,30,1230000,http://www.baidu.com/link?url=FhyP7ahgtIcszsym8dzm0HG2Wo4ehbx2Uej8tkpw3iOvPffBpFajxgZWXoQMm-Fsfst_n5dludcQvoKqufVOdK
测名网打分,1,1,0,30,1660000,http://www.baidu.com/link?url=uZKuPUq_IIIzW_eQYWDNdT_AHtuUdhsOnL6kvIsilWfrQqXP-ddHxi0ITPQ_hlUb
免费名字测分网,1,1,0,30,28300000,http://www.baidu.com/link?url=vSqGl_95wuSy6FbCNaqoXQDmB3z7Se30ycW1wl6tUvUnZ7sT1xd0BCJscgZTfSja
免费生辰八字起名网,1,1,0,30,2220000,www.jinbangqm.com
测名字打分大全,1,1,0,30,21000000,http://www.baidu.com/link?url=RW5lDJV12zjYAcmEl8u7CGePRaUdTv4O4Pi_05E9TCfkJW5OOC90L-lbOOY_NxXf
姓名八字测吉凶,1,1,0,30,8010000,http://www.baidu.com/link?url=g0R_fQ6SKKtweYXdNQt7kq0OePm5U9T_MS-0OzPTgV8PzxPJtC2Dr47bN5rfQfOk
宝宝起名,6083,593,5490,31,14500000,www.jinbangqm.com
宝宝起名大全,1895,197,1698,31,7780000,www.jinbangqm.com
姓名测分,405,63,342,31,7070000,http://www.baidu.com/link?url=79-o6aHoj1eyH2fvdrKmrrPwb2RluC0AoPOA2JhCtc2pcjFRE0tVoYxBtcnrT1dL
宝宝姓名打分,276,8,268,31,12200000,www.jinbangqm.com
生辰八字五行起名,220,52,168,31,7220000,www.jinbangqm.com
在线测名字打分,158,0,159,31,4370000,http://www.baidu.com/link?url=jOaXZFfQCFeOwZf8q7jYbT45f456hJeOuSJyTiqLfAVTXkAsb1EEvQnI1b3omBwf
宝宝起名字测试打分,131,17,114,31,26200000,http://www.baidu.com/link?url=hvVogS-8fIz_-KGK1rY1buabEaCexSB8_IH1sTZXXwyOdycHP5YGpFH3K_QwB_LycT1Q0FBWiid-3bfrc2t12Pmowoj6FSaex0F5nRpJi3G
李思成,126,48,78,31,202000,http://www.baidu.com/link?url=qJgOqfJNvrQFVrP2locMjubrF8H3aZacfHkujNn6qv_oIjz1x9MPNhophRY2EkloZGDhmTC4vA_b5GnZmtimdd85EOjTmXCR8vV5IT4tPQK
姓名吉凶测试,117,26,91,31,7830000,http://www.baidu.com/link?url=aFWUug4ln84rXkpjNgGPUHgBkk60MI7Nf209zJ8SDHiEY-lHUtgksBQ5cRgT8t_9
取名测试打分,113,0,113,31,7070000,http://www.baidu.com/link?url=3JBO6iZwgO847LHSLYEncrz6lxt1rVGWajMehPaEi44pvOOaIoKzSWHTA7Xn-Ibn
名典起名,112,36,76,31,294000,www.jinbangqm.com
女孩英语名,104,24,80,31,10800000,http://www.baidu.com/link?url=V9HR3qrrnkdDxXlA95IxwtUZe1zbKttiKwBTPMfVEK4OfWsst22HX6BCzHPUHx-JEWOErrhoyxjRTKsL2ZMoTq
姓名测试评分,100,9,91,31,7070000,http://www.baidu.com/link?url=9seXBDSrrHLZvLtA_BPX4adonmmf9V_58wLgnA2xY0kc6XxfQO1fqD0av9fc624S
姓名测算打分,95,0,95,31,7070000,http://www.baidu.com/link?url=T_6eMqBTlIU8XzIjuq-Ipu6ahk-ayWqxk2iX6nhdDopwOCIqkA5y3XdsbN73NrXP
测名字好坏,93,26,67,31,7320000,http://www.baidu.com/link?url=YrW2j1yB97EqYe8PJ6yEEKj0Eqd2r9s2vWzOpayWCk4TqYet_GMK8YxJl1H9MFh8
免费起名字测试,60,60,0,31,3310000,http://www.baidu.com/link?url=1YeoWSULH5wIzGhGG542vKzgK7uEuJBx8F1fmI1gBYUUO9fCN2zDbv-iC7R-PAl6
生辰八字取名网,52,17,35,31,1110000,www.jinbangqm.com
算名字好坏,35,26,9,31,5580000,http://www.baidu.com/link?url=Fo-rojxqFMzss7tdQRTo2WIfrdvoFCbEKU3UmEzpxWqhyBy6Eqj_z0PPE79wgxcS
取名测算,34,34,0,31,9300000,http://www.baidu.com/link?url=FUNVedk3_Tep0h6iIPYnCyaJFfDhFLRPT4x20gUYn8RhpIUKgyIxswsGRgJrA3OU
免费按生辰八字取名,24,24,0,31,7980000,www.jinbangqm.com
杨紫函,17,0,17,31,93,http://www.baidu.com/link?url=CaMGTDcu78ElOKIb9zECn6VJ1ATGzLE586lnEwn3JF9eE2c2Aj1uIyK-BM5s8rih8sm9awJIYWTZzO8y37Frf_
国学起名,17,9,8,31,3110000,http://www.baidu.com/link?url=bDLUaNPcPfz2kA-3XcoY5xEOu_MhtI8OQXslbGIqORqgg-FsUhQbXYunXlLOPtPza3qW3VrPA_-g_67x--F7Rvsi3TtKqj8knONhe4MpMFSdRZ3ncBBAufJWqmHrZW2x
阿启起名网,9,0,9,31,42300,www.jinbangqm.com
阿启测名,1,1,0,31,14500,www.jinbangqm.com
名典在线取名,1,1,0,31,153000,www.jinbangqm.com
新生婴儿免费起名,1,1,0,31,1210000,www.jinbangqm.com
柏林危机 空难电影,1,1,0,31,94,http://www.baidu.com/link?url=00UmikS3CMDJoXIHEQRHm8LWhewdwb142HjtiC3T8pw0Ab7epLg0RS_eBjuRVye04-6Q1qnOxxkUF4O9_jlW-q
免费姓名测试打分网,1,1,0,31,1320000,http://www.baidu.com/link?url=td6RUm0wCeBwkoKzHy5UsuDhjwjnvigKxhUgTQg2S0iOAwkHhPXvKf6MW_wplnGz
起名测名评分,1,1,0,31,1170000,http://www.baidu.com/link?url=8F8Ro4PsKRk3UqFXb8RyaovBbeye6NWHoXcNrTWOFx4kwmQAG254AMJOyOVZpIkn
免费起名测名字,1,1,0,31,15900000,http://www.baidu.com/link?url=PHMptILZ1AzbkeDNRK7bdmQgqFixq-vQmH3YGyjQ3soZKg7jg46CkAOSHFrnDaYk
免费测名字打分网,1,1,0,31,1230000,http://www.baidu.com/link?url=BjrdhXfst5pTLSIm_5utjWYlp6f_wsXCwe6lW7gFG1KjNG38bu-egLiddoSOVKIg
专业测名网,1,1,0,31,359000,www.jinbangqm.com
名典姓名测试,1014,169,845,32,167000,www.jinbangqm.com
新生婴儿取名,581,162,419,32,760000,www.jinbangqm.com
婴儿起名,576,116,460,32,15900000,http://www.baidu.com/link?url=79b7hxUsY-m0-jS-uZxDP4Fv30PF-bMJ59L2lUpLdedRMuo-zRRK3zfDovAfC_ia
取名打分测试,574,88,486,32,7920000,http://www.baidu.com/link?url=34i8l9Eo9NgmKZRedI1AIkG96X-J3Crn_vIkpPDBXZDu12yXF3lHFcE05WNZUDxo
姓名八字测试打分,261,67,194,32,20600000,http://www.baidu.com/link?url=E6qyea6VjKVK69-BtTm-eDIS8_ZyC2jiaGK9eCFm8-DpMZPteByjSM_iqGKUZmDT
牧童 吕岩,182,99,83,32,472000,http://www.baidu.com/link?url=4Ipi3Krma9Sl4BB4oBMKcntMdD2VgGDhq0VLLqGy9Qf7cTy2H8F_6TZU1a106HnOXooAcht-Vex0j7LdTbA8Qa
姓名吉凶,155,63,92,32,12400000,http://www.baidu.com/link?url=Vd1HEeFFzOabVGL9Hrfxm8g9zKEZOtV7NDveEfKvCM9xffq1oeBRU9TnnJlSVLX2
生辰八字免费起名,126,34,92,32,9030000,www.jinbangqm.com
测名字分数,101,7,94,32,4620000,http://www.baidu.com/link?url=gUK4prMX2OxI1-TRgEyJeqnfTRZV0VZXC6guq3SNqv_Cf7J7oWJp0qrnSJJECz4s
周易名字测试打分,86,8,78,32,16400000,http://www.baidu.com/link?url=9OlQJPE42sGUoKB5EjmIbGhv7ce0mYDtP69ch-ydd1Pxu1dPbRrROMrSnbiiJ2PO
姓名分数,83,27,56,32,11100000,http://www.baidu.com/link?url=rtghK583Fbgl9x7QN_a8RTKJ9_zdbDTMGlBdscpAXbzF7rAcdx38j5AtBwWFoFQs
免费测姓名,78,9,69,32,4880000,http://www.baidu.com/link?url=x7WxSTiuHHPnJU4YVv2G0g6hhY8seCohbZ2m-EQu1Ef9JD-Ul4W96b8QNjkGM1Zf
测名子,77,0,77,32,8810000,http://www.baidu.com/link?url=RDRf6TgdsGP6Husw1Z1GAc7ZzWYFXf4X5gcQH4dE68aD2_y4L7fWApp5URpZ3BzD
取名字测试,60,33,27,32,10100000,http://www.baidu.com/link?url=a6HPwFXLoslcGv3tWmykBDZMlqlhS7y9CyObL_tZuLRHNFYe76rabozknwDYTTjv
生双胞胎男孩的秘诀,8,8,0,32,1740000,http://www.baidu.com/link?url=IxKCqxTJQfXUG4v77Buaoj91t7oRqTK1a8kz1pOaiFe4-ona8R16iMAKy3INYEChbiV5Udnonhal6mCIRz3-Gq
免费起名测试,8,0,8,32,6410000,http://www.baidu.com/link?url=EUXH2MYB338hw3iSnsOCDwwY9CCTEXdT_mH2YrpKIhhU1dA9C61nkp_xOgU6evxX
生辰八字测算打分,1,1,0,32,2550000,http://www.baidu.com/link?url=A2cFBlhTz6f9llIwHEhgywhpGxY3YVE5oL-T5-z7VyQ4rcIg80T5w-Hd2dBqYjW3
周易改名字,1,1,0,32,3980000,http://www.baidu.com/link?url=owM4ajrBQrI7a3QuHMUz_T1GmGDmxo6a-aRBElsk-v5VT4VZ0gDzvsqb7y8aBeBVxWiCIYuAHOEYBVFYfNEy0K
起名字打分测试,1,1,0,32,6570000,http://www.baidu.com/link?url=TzHV3_ri7AWpNIMYUX5i_w0QwOmf9LsS-H3XHR3_u7aEe8e4MC7ibGfIVV98K1zX
免费姓名评分网,1,1,0,32,245000,http://www.baidu.com/link?url=L7jhfmQ0Qtk3-6utj2daNo6MOhB7ux1ax4lyZSzgfkhsjvi0QsjhjRaOyixwW4MB
免费测五行起名,1,1,0,32,6810000,www.jinbangqm.com
1518算命网,1,1,0,32,35800,www.jinbangqm.com
测测名字有多少分,1,1,0,32,14600000,http://www.baidu.com/link?url=O9J-E2xbT0G4tFdFkImiaOrdkZfM7v1JLR_7XuBWETbZ2xMCO54DrJ01HSvyuDVB
起姓名测试打分,1,1,0,32,7000000,http://www.baidu.com/link?url=RdJIXEVQPHHcascaPiIMhcceBrssnA2mxiiAqROSUkMrxk6dgC5wpHStgXAKmiGY
算命 名字打分,1,1,0,32,29200000,http://www.baidu.com/link?url=y7aaGJv655MM0o23WJlevQC1MFlvrlWysU1kRhsYtxgK0RKkERKtVrX0anPkcjIi
测名字的好坏,1,1,0,32,23600000,http://www.baidu.com/link?url=GzRehFqWSa9F88KJVXqO7tyy1iXBdBPZ-d6C81ghYhqvn1wNlbZB6z-hafsMAW1o
测字起名网,1,1,0,32,1190000,www.jinbangqm.com
电脑算名字,1,1,0,32,14300000,http://www.baidu.com/link?url=HSIbcGID7RlFMPvsUgRfd2Z91XH2sdlpn_3QP-2eWuvM-Zn75nl1k0_1eBDkz4S5
最好的测名网,1,1,0,32,7480000,www.jinbangqm.com
名网打分,1,1,0,32,4930000,http://www.baidu.com/link?url=7MoZfKGuLPxTohfed4jAzcG7FkNOydJ3Mep18-avAUowMxxuQpcoVtHrOetxbyA6
cemingzi,1,1,0,32,8810000,http://www.baidu.com/link?url=9_nE_MjFFfnKciRonCmgKOF079CtIJnwvba9MIZ3eqnhusE06eDSQTLrPKno6IYf
名典姓名测算,1,1,0,32,167000,www.jinbangqm.com
起名,14677,1559,13118,33,47200000,http://www.baidu.com/link?url=OrmImOzmKEvqMJNPNp3lyYncuZSBr2psTJMJ2GYdBBS8NTKXVpPd9_DCsI08B2UW
八字起名,3670,192,3478,33,20500000,www.jinbangqm.com
起名网免费取名,1564,192,1372,33,12700000,www.jinbangqm.com
按生辰八字取名,1391,139,1252,33,10000000,www.jinbangqm.com
取名字打分,1173,47,1126,33,16400000,http://www.baidu.com/link?url=d0eDGOl0UQKLq_Y8wi_-EH8tczt5wXtPdjgRMYMvkQWIb3RAy4OL3LuKFtotBrG0
男孩起名,1128,145,983,33,9160000,www.jinbangqm.com
测名网,454,74,380,33,3990000,www.jinbangqm.com
测名字打分最准,194,9,185,33,19300000,http://www.baidu.com/link?url=ra2OxfOAuQaAxfMSEtoiKlsbdculCJruzQ-UMVv9kwtNVt3mYWxUcQo2-p7g57Ie
取英文名字,188,67,121,33,12800000,http://www.baidu.com/link?url=SixNTIyvHRjf9w5m1Mg-aw64Bm8LD1R3lAqPLc0ZrX8GjbD4fF9Z58GpYZrAtvcpw5cBky6Su494viux3MJKP_
开店起名,182,54,128,33,3380000,http://www.baidu.com/link?url=ViI-5lDakZd0EoXRu2dUtEboZjB7CX5Wou4xCJvNd6rLYmE_g-7AFMoGVzkDYN2I1Z_4VZahoVaj7wSSX7xdzOEu1kyVhHiGsBDgJsIZJAvc5SrSXqUhJaNdn8tPMC16
取名网站,159,87,72,33,18400000,www.jinbangqm.com
名字网,145,36,109,33,17300000,www.jinbangqm.com
在线姓名测试打分,140,44,96,33,7530000,http://www.baidu.com/link?url=KRwZCfM8PiuDh-fiZHCBvH_AKpyuAZhViLybXnCiPbZWc-gDQVA_U3Ykd2QZ6It7
周易免费测名字打分,117,0,117,33,7970000,http://www.baidu.com/link?url=E89Ga2hTGkI7HVmyPBla9EjBAcp9xIQbM6ws-YXmI5ckfAgmtD2aw5ShuIahq56Q
qiming,108,63,45,33,47200000,http://www.baidu.com/link?url=avADKKsNgTPnLHk-G0Ro7aHLBjarik-GPBNPk0XdZr9_5dB-9KzkA0uDsKpU30Jg
八字基础,69,34,35,33,3390000,http://www.baidu.com/link?url=nAitQSAn5YT8Sst0qy3x4di32k1LyHJ6o87nNq1ZPLbQeCiLyHC6XBtTW24fnGuJTkOOw_D0PY53fUGZ1Iri4K
婴儿取名网站,67,67,0,33,4890000,www.jinbangqm.com
宝宝免费取名网,64,64,0,33,1260000,www.jinbangqm.com
测名打分网,8,0,8,33,5920000,http://www.baidu.com/link?url=MSDpb84DrjDITkEYsLfVF5BWP82rihJk1RiIr09CEMIzQuyCIebtJDhc9I9Uk9aU
余婉宁,8,8,0,33,13900,http://www.baidu.com/link?url=V8SzEFb4ZnbyCX7yHCgKwU2HoZLx0DB7HT2KUpN0z6TrcV-fy4iCUZnODnfTaxbqzfKPiuxgsBO2UMS88rHXIK
免费测名字大全男孩,1,1,0,33,4630000,www.jinbangqm.com
算八字起名,1,1,0,33,4610000,www.jinbangqm.com
好英文名字,1,1,0,33,16000000,http://www.baidu.com/link?url=cJ1kMfUHJw2jwh6VgMFnNGdpyGio6MDu-HT2Osr7Ovxm4IeqL5Dexh937pqXaLVAxqglbF8VhRO9tzwohYwFjK
测算名字分数,1,1,0,33,12900000,http://www.baidu.com/link?url=CWtCV7gzPRWhD420c8pSwv9C8g9WJCTk1e4zddOd9TpwFCQ08-VYdGyJ6_Or8tJ3
1518运程,1,1,0,33,124000,www.jinbangqm.com
李若溪,407,104,303,34,218000,http://www.baidu.com/link?url=zBhz-1emUDOGjDIGtitsb7v6uICzGB7hMtAaH5kTXVbstCJalHDkHkdNq-TyXgX3aYyAoubyaj3FxRZsAYR2oiu9Xg2HCmxCgG8LT57eUGO
测名打分,386,66,320,34,3920000,http://www.baidu.com/link?url=7toLNs4Cti9kRojyR2lUI-EIRAtekjfWV29O4vhXWgIFZYpCUivqSjGf3Cc2jWpm
刘赫铭,372,173,199,34,11700,http://www.baidu.com/link?url=s5zGG_F8RBqMXCPmjZKA85LPdYZoZhHilp_Z9TqZGWPPwm_OJdz5wD9nEmIF9W1qn8kYRL4gC6TOaaIKbQVCVq
起名字网,157,70,87,34,9590000,www.jinbangqm.com
名字预测,150,45,105,34,9450000,http://www.baidu.com/link?url=uiU98KTvCCKfyGQ-J8ubbYVdYyVJZV2pw30_1GJA8gEzLp9DeGJrXhkdH91PJcOq
英文名字怎么取,146,61,85,34,11400000,http://www.baidu.com/link?url=OLh_t6ERgQiBrWWnE126r2nDTtJ8FiKoEvYXrk9-LQ5cPWJtna1F09eoSLWXxBB1BfD0-aUefE7vcWJGYB4uGa
测试名字分数,136,67,69,34,17100000,http://www.baidu.com/link?url=9s-H-yjdqvykTO7dI4vEbjuM7fSwhyB1hm4GQOuq5nUsVqAb7A6mUfLDgMXuRPNQ
姓万的名人,116,42,74,34,38500,http://www.baidu.com/link?url=EW1pkdR3Xke2R6lWmZ2cr87ukCDeiQlxRhcSyAEUVwo5LQUb5wOmvJ0WnmALDu6Nh56Dm3bYDAoNkEg8P_njxq
八字起名字,81,9,72,34,8060000,www.jinbangqm.com
如何取英文名字,62,44,18,34,11600000,http://www.baidu.com/link?url=eHnD2luFz7M9-x8T3V2iSCHeuNjGmsh7P_FtwyQZP62aRUn87XHc1-3lGYNJGDaE1NZXeGaUjm9xQS3i2ZsBa_
名称吉凶,44,36,8,34,6650000,http://www.baidu.com/link?url=6mqY-K44aHH2FX6dO08u3VkfixCBfoRnZ5e4JWYLMbuDZDj2cKsWGF7nqmlY2qdP
测名字多少分,36,0,36,34,26100000,http://www.baidu.com/link?url=f5WTBfb7iA07vsavhjy3m0PdzInG_156sxfEwd4veEKAQvqKiRESmGt6BXRHo3TV
测名评分,8,0,8,34,1190000,http://www.baidu.com/link?url=sTopNVfA2Xv3--pzvZ9rRRGhv5AL-ljBLHIP2QmXErDpq6aW6JPYKnLoNydtIKCY
宝宝免费起名打分,8,0,8,34,20300000,www.jinbangqm.com
测八字起名字,1,1,0,34,722000,www.jinbangqm.com
免费八字姓名预测,1,1,0,34,198000,http://www.baidu.com/link?url=HLEnjjryOfLz42FfnnZCqO6f58M0y9fXz460t2LBdCEAP-nNrKSjUsyXRhfTpuuT
生辰八字取名字网站,1,1,0,34,7290000,www.jinbangqm.com
按生辰八字起名网,1,1,0,34,2770000,www.jinbangqm.com
鸿运免费取名网,1,1,0,34,239000,www.jinbangqm.com
免费测名打分网站,1,1,0,34,15300000,http://www.baidu.com/link?url=Gt9k-z-KNOvWPeuAZVIHBIEjtLANIDT56FPPNE0jiLV1IdUnkidf8M5FFUKqKt-5
中国姓名算命网,1,1,0,34,679000,http://www.baidu.com/link?url=3Y6Zt1WJJjj4PUjErVGJDjf8fjwq5xUpVJkUBWqGMI_3ju-P5stT5RdmaozJvGyC1a2KTjqAvc4CbwNYGnLg6ti8Ot_OnQqelel8-zMGVIasNtpTYcUtgU80lPvaMtxEMngQxAwfkcCGs_CVUwlIRq
2013蛇宝宝取名大全,1,1,0,34,20000000,http://www.baidu.com/link?url=KZUC7wp2bPP7e-skRtEOSn1AQ8qpUbRlw6PBAchsW2J2fyy_PCvTtuQuQXDYgK0B53gdgJQtJErcsy09ZsjqB_
在线姓名评分,1,1,0,34,800000,http://www.baidu.com/link?url=ZbDsPbWXKACjZ-yJkSQo14xmsduMXl80ffvC3fnK8JoPT1aC3eKr-04cyUgTfknc
算八字取名,1,1,0,34,7710000,www.jinbangqm.com
免费取名测名打分,1,1,0,34,2010000,www.jinbangqm.com
免费按生辰八字起名,1,1,0,34,12600000,www.jinbangqm.com
小龙女起名,1,1,0,34,901000,http://www.baidu.com/link?url=ri3sOcS4FKlsTf8JBoIdsBO3jF75R5g0u--Vc4fMzmjR7etaH3rOqpJm9yMcGZszYh7d7Bxq4jjg36CcHgU6pK
免费姓名测算,1,1,0,34,2540000,http://www.baidu.com/link?url=-kRFKV_mCYRSylWNAPzUjz7r0vW9ZSGDCmzyU7lTmtdRdPRSsyxExYNjwC1r42Zw
起名大全,4654,341,4313,35,15800000,www.jinbangqm.com
姓名打分,3973,710,3263,35,7140000,http://www.baidu.com/link?url=dQcfIOBWgPuCk890bNWFxKmg4l_siqifnO-aSVNnMJ0h9YSo9qZpcckfRpNntHJB
男孩取名,1354,165,1189,35,22700000,www.jinbangqm.com
测姓名,293,93,200,35,2480000,http://www.baidu.com/link?url=a_RWkoayOUq_CyjfdAYgQQT2TiaeqGVPlLl89AfM8u9VsSZsMu-902m9ZKP1l_Wc
起个英文名,292,84,208,35,5620000,http://www.baidu.com/link?url=KkKUpZSd0lpV8WsbsQomCVY5zx0tzSGpjVoR0h9YXe89FlpZ7b4H5Evt0CC5yY_5LRSBcA1p2V9JHsziKIbE__
名字测试打分 最准确,189,111,78,35,9840000,http://www.baidu.com/link?url=B0SNxZh0GsWEFUhqcsyOzQ3u3eej3VuP_MX1XtA7_YlegkbdlACs0WnKM1ZpyAuZ
起名常用字,132,59,73,35,4030000,http://www.baidu.com/link?url=rvta5V7o_pvCDhJ4YMB06YMvicB_luyn4FDsgIPKMrrAMgWrdns_uaXVwfTiLZje-LLc1YKm2NGUn8BORvr4K_
性名打分,91,8,83,35,7140000,http://www.baidu.com/link?url=cB0dbCntBt9hE_RRyCw1urSvhOUjGBaQ-0NFBHQHHgGoSAdcQ30rXlrBiW6ucduP
人名测试,90,8,82,35,2320000,http://www.baidu.com/link?url=yf-PHilQ_Qju_Xdt4CGpybqwpzjYqaUaQiqBkC7t1dhXVQYRUIzjQIJWev8_9C4M
名字测算打分,82,0,82,35,12100000,http://www.baidu.com/link?url=QJlrwKf1FHNK_dgL3NH53HwyjSCYVvOocuN1NZzfQhRme2rODrJaodCr2PGnDE3y
给姓名打分,77,0,78,35,10800000,http://www.baidu.com/link?url=pdzd1hnP5HXETWKVAzLhcToFAhjTSvEbi-SfhnPCn2C80GIFkQnpoDRnO-VZXBPQ
名字测命运,71,0,71,35,15400000,http://www.baidu.com/link?url=p_2YbmzHLbd1bvA83Ua9fhCegSoCZaKdzm-CPdiG-cw19XmqnJNwD_w836gr1vWP
查名字好坏,51,43,8,35,3650000,http://www.baidu.com/link?url=OAsKU9JaGkuI4OO0D0L8uLyzkn9poHYmbohRQW1cRZzzSO0D2tRZn9mVmE2dEfq6
蛇年男宝宝起名大全,45,0,45,35,1610000,http://www.baidu.com/link?url=-DNVIWSc3WCMkUoy5Y2cC4c46WDMwKLlHq8QDyV3XEDBvsge1vs_G8OH2a5tLXYJzVFcT8ygY1w7Mao8HDAEua
生辰八字起名字大全,35,9,26,35,7900000,www.jinbangqm.com
看八字起名字,27,0,27,35,11400000,www.jinbangqm.com
庞涵月,17,8,9,35,12400,http://www.baidu.com/link?url=C6Hzf-x6yav4PC7mMALqLg0gwP-KlrmIMqFXrl3rzrw0Uf3A-u2JLtOnYhAcwnUG1boLOKFaakqHKdyH9JBNzK
名字打分大全,8,0,8,35,16100000,http://www.baidu.com/link?url=uQOJxWbsL6B0axe98ZYGknCqHWwYf7scIfCRFCd3LXxrrppM3IydGPO2VGqq8Mcv
中国最大的起名网,1,1,0,35,3520000,www.jinbangqm.com
厦门张晨汐,1,1,0,35,73,http://www.baidu.com/link?url=97n5EB2DDDwM6_6Nmnevz1xjdqDyO89NE-e3IS-yqXq5QD89Rxo6-SX5CxSauR_RXt2T9zhU5hcnaPQOurx0Ia
如何测试名字分数,1,1,0,35,13800000,http://www.baidu.com/link?url=BsN-DN_R2aglj42tAy394KRjaBBvH614niuvVuvFWHu6zCaEspmiG1bNqbZTy-0X
在线取名打分网,1,1,0,35,1180000,www.jinbangqm.com
生辰八字测姓名,1,1,0,35,6330000,http://www.baidu.com/link?url=yq4-yZd8Nl_DZmv0wTYdoGzPpLbYTTCFOocYkhcPCHpDH03C3SmcISEgFSqKeaqx
姓名算命打分,1,1,0,35,3220000,http://www.baidu.com/link?url=v7GleHebDvC8NT5wUeKgVRkpg6tTrdU_XPGs4jsMIGWV7DOB50nuUfBm4rEyOvZa
田姓宝宝起名,1,1,0,35,107000,http://www.baidu.com/link?url=6C2tLbOo7UNOzOiBUerZqi-j57HGVmBgzjNsoqcKx9Re_bZu7mLHL8V1usbrwY9Y8oNEOl_3VfOiI0NGmgyroK
女孩取名,2423,144,2279,36,19000000,www.jinbangqm.com
宝宝取名,1950,523,1427,36,15600000,www.jinbangqm.com
双胞胎名字,800,73,727,36,5340000,http://www.baidu.com/link?url=vPnjvdYIVlgbsqyog9S3IoS-i03fw1NUVu3-WPtWWztK-9Ft_QMrIuIgxW6-lvyhuh83yF3vsG2WTcqdlMhDYq
取名字大全生辰八字,689,62,627,36,9870000,www.jinbangqm.com
起名字打分,319,34,285,36,9880000,http://www.baidu.com/link?url=aHyVto2vjWrXMqIWfGVRPoM9ETwkVG3ezmV10S_fzU9C5Hv-3DuZr3_1mUUNAcp4
王雨辰,190,78,112,36,344000,http://www.baidu.com/link?url=uYVsce_PrEFo0Ibp8CJwnCJBfitm3pRrDIX6r4LAkcz8yGyxFhLgkfzkkK3rgouSkPRCYaohv_f9xybwjx0bM0wsZadTbCj6cLmqNkUMNtS
测试姓名打分,148,34,114,36,8370000,http://www.baidu.com/link?url=_Xo4dI2ZIa_gwY-mTXy7VKPPlUC8cJ58aE_-alZCJJLy6sSBkiv9ZbrBM1y4Km4u
起名字测试,140,45,95,36,5430000,www.jinbangqm.com
罗振华,104,36,68,36,265000,http://www.baidu.com/link?url=KJvrMDEZrghD7e6TkQZQ8hvD7OoKsQmLJgyB6JZyUP11QQX82H9Q02-VqwS6czj6rCXwirC8nIhynt6wyLV745MybRozia73PQ7Fb6q-1nm
王梓蘅,88,34,54,36,217000,http://www.baidu.com/link?url=DEl5V8ILtegLLAE7nTXf-WQSjjKJl3H4wIrpzSMD-zmCUP6njZKeKckNHuk2AE3LEPi91XgNl44W3bxqKvKeoDzMkbWN_PAbBu7HbHNuYUu
测八字起名,75,0,75,36,18300000,www.jinbangqm.com
按生辰八字免费起名,69,0,69,36,13300000,www.jinbangqm.com
婴儿免费取名网,54,54,0,36,1650000,www.jinbangqm.com
流行英文名,34,9,25,36,7110000,http://www.baidu.com/link?url=vngY174znzoFsJeYId8JEBLGeg2PghO3lgNkksbJxlzItYgqTr1inARVAgsFNYtahEDNsHG9xeO8BxeuKAFoBq
起名字 打分,8,8,0,36,5270000,http://www.baidu.com/link?url=JYEItOW6KK8i4jtYTA5CWAcF-b4W8HgGs_irlCp1465HsLcAGzciftItnfzIEOAq
陈光淡,8,8,0,36,4420,http://www.baidu.com/link?url=VB1tMiEEuGBCPLjduQrzjwfCReHi8lOeiCAamGX28AZvuA0i9f5IR2IBW1le7GpY3PiGlArx4x7t07-xySTsuK
姓王的来历,8,0,8,36,1000000,http://www.baidu.com/link?url=SLDZgf-MNByv3bLrg3Srqj1BRds0HC_OE70HpwaQ0G-eoL_xGNOuUsaN9qZklW2yDkEe8EIt5jviStyli2EnNa
爱丁堡枪击案,8,8,0,36,57800,http://www.baidu.com/link?url=2byj9FW0f409sZ4PjZGi1XK1K5f-xMov_XsTpc42N7lSXubVoLutMUCSFEX7rqOWvya119hansKGzQSbj0Euz9V2KNqzBp-jZ-CbJSn7QeRrScseCTXvGO0ZljDTYQoEDN-H9qA2AxosVkXZjwWxPM0SEnWEFv8FYcUo8DNPrJVzl1WpN69prwaQg4dTHSWd
张雅美,8,0,8,36,20900,http://www.baidu.com/link?url=ykveq0Vx3soEJeATPDKszeGyOhxHDm6AOkAOoFvOfZ_yC8HcZNO10Y_LVAQcrEcaNcnOfO7m4DtVJ3BVBBVWhK
起名网 宝宝,1,1,0,36,4420000,www.jinbangqm.com
易经取名字,1,1,0,36,4600000,http://www.baidu.com/link?url=tx1_6hFGHlvoW4arvJW9r_pRwRl95JOSB9HYcPcbiSoR4UUMN7GEqVOQ_JiY53-maCkXtKP0z8TsfxAQ4GODWq
宝宝取名侧分,1,1,0,36,741000,www.jinbangqm.com
测名网址大全,1,1,0,36,1530000,www.jinbangqm.com
免费起名字大全2013,1,1,0,36,14600000,www.jinbangqm.com
免费测名字网,1,1,0,36,7940000,http://www.baidu.com/link?url=Bc7et6o4XJxJQ8shAoTiJWkD71ZqT85wMO5fN09wAKvmSvn75TbfxX6EdGAPqE9o
陈雨姗,1,1,0,36,6440,http://www.baidu.com/link?url=BsR7gg8EQAEwFsQIhIWlI_kzc7yhe1MHi5WCXMi6oYNpyvgBNVdKoqFKFSqsHpLS-mnO4Dp55xI7T2xTWeBgU_
测八字取名,1,1,0,36,13900000,www.jinbangqm.com
取名测字打分,1,1,0,36,10700000,http://www.baidu.com/link?url=IdBaOzSWUrcwudLZviiCsp3QK2KIEYKew1f9mbUtXPgE4cewO8HvoVXNdQI2gzgX
好听的双胞胎名字,1,1,0,36,3430000,http://www.baidu.com/link?url=SiWyD_ewlUfouHrPUN3j9sixlW4WW6hKOAki0IcgNpvLvH8llly1W9i9H2naMf7Yf7IPEu1pUMV-2iBehPIBNa
测名字分数网站,1,1,0,36,26100000,http://www.baidu.com/link?url=XJRWmURPXdPnRBXog0KowgjqzZs3GIoGAXpWKIiKfzjfpm0CsSUAYzv8UUnPB0R0
测名字,6693,339,6354,37,11200000,http://www.baidu.com/link?url=WDvgzyNtGLtcVzdskOt_yrNnq7UWqrgs-pcF2REEPpqfjYJ2hhpWpQNalEGOM6wg
取名打分,3654,106,3548,37,9460000,www.jinbangqm.com
算名字,466,91,375,37,15600000,http://www.baidu.com/link?url=FzVuAuWTni_RmXU3GxPj1yHXwQdtqrE23Xd46lrETOYZzWkqRTxbqUca3aLrea9l
金榜起名网,241,79,162,37,147000,http://www.baidu.com/link?url=TEDJ-9yjr89WKbkbQQ0pv33Va40jjT9qFBYt9ChkOQeTVSsh2__xcjdgwj52V5hJAnyL1KjbZY0THU58QOaV8PNyIgkAFoPYQzi5fpUj7Hi
生辰八字测名字,201,71,130,37,7320000,http://www.baidu.com/link?url=gcKAy_lvYQe_Ik7F9w-SWRwxizGZFJ0D3tRt9hEeiRuHBuwPujG_ljOEtF5ETMfX
夏雨桐,193,75,118,37,7330000,http://www.baidu.com/link?url=GIyiiszS1a88cDJZywNTgKvH_Ev6E-eez1IV1iMtUIUF5OWEJW3TMYwBJTVETuVVsTQJTRnj2FI_-rrIuAAeYHgDxA1Z8muqYzYltAyStgW
起名打分网,144,60,84,37,1170000,www.jinbangqm.com
时辰八字起名,112,35,77,37,4610000,http://www.baidu.com/link?url=ct7BQsKcukiTk2F75LkmuExbxRm8L96QOYHxhk2OMUvT2AucrzwOKAZRWM0sh-CM
姓名测试吉凶,51,0,51,37,6320000,http://www.baidu.com/link?url=uJTeYzxVtmo_XZg2HOi95ocfvJj5NglJphqSog9tHozc41esk0wgAeSL0C3CJOtP
人名打分,44,0,44,37,10300000,http://www.baidu.com/link?url=RO-cTjE2ulmYDJAnATcIvSH0p62RKtrN3rpWEjvaNqX4DuhuxvHvYkiUW5yEqfMQ
乳名打分,35,0,35,37,1450000,http://www.baidu.com/link?url=2ida9isf7NXw8uSh5oHS5UnH1yY4Iw_SoDUu6y9Ll2i6-H2lypXzy2lBbGbruieyb4iwowRPxfYeu7SfDwDQGa
预测姓名,8,8,0,37,11100000,http://www.baidu.com/link?url=yUxQMmLs9GB0ArfUzpL4l7DM3U-50JE-rzK9JkiMBxVLqN8dL8rPGgA7E6RsFm5U
蛇年女宝宝起名大全,1,1,0,37,1300000,http://www.baidu.com/link?url=tMvsYfVnzyXvrFsoP_UmTtIS2pmsd1MLA1Mskwp58gzb8LFWz9bQfBOai9uVnxG2_3dv5P13Vm7Ft71-hC-dM_
宝宝姓名免费测试,1,1,0,37,21900000,www.jinbangqm.com
取名字打分网站,1,1,0,37,17600000,www.jinbangqm.com
姓名测试 生辰八字,1,1,0,37,5570000,http://www.baidu.com/link?url=S_C6jic58_79NISYTB_sVrwg3ZpfmgAowc9kBfnxzVB5uvjD5ANCoH6HorfnLi3L
免费起名测名网,1,1,0,37,352000,www.jinbangqm.com
生辰八字免费起名网,1,1,0,37,2540000,www.jinbangqm.com
测名字打分,8390,675,7715,38,8210000,http://www.baidu.com/link?url=Luo0YBDrIWiG2AkR5F6JnFDHxP4TBv614wU83e5n0bHR0VnpCJreVDzZ9bzYej4s
取名,5043,1453,3590,38,31500000,http://www.baidu.com/link?url=qvLhBxyT7t_4txYs1AHsVXXVKlntDCREvkdaWoHKnDXskXwQE9sehpPEoIhXacAh
周易起名网,399,193,206,38,2020000,www.jinbangqm.com
测姓名打分,291,67,224,38,9840000,http://www.baidu.com/link?url=RIY1n9_J7fKXZzUn9DyKofcpNXL5DL0-vKqwRxwZjkOq9HwcRQRCyOd93qJEV2v5
金榜起名网,241,79,162,38,147000,http://www.baidu.com/link?url=BEEmwRyXwSVbKixW1iMKKltc_e2ZgNHWpm8_vRA37izc6o2DUZLvkoCFjAnj2BY1eGd9ccKVFVcIihGgvJRg7TATmBtKdQPcHWwObBclXlu
给名字打分,224,8,216,38,8210000,http://www.baidu.com/link?url=l8rQXEwYqvRX6-D8TcYK-Lz1ucipZmGN6ZhRYVDC0m1pYxerILU4yQcU-dk4puyO
起名测名,120,26,94,38,4170000,http://www.baidu.com/link?url=MZBMYxrj70mHFo_OfVXkNIkT8r6oTAk0glkLBi6miAtOfTa6Re2bGCMYvXO6zKdv
姓名 打分,99,45,54,38,7050000,http://www.baidu.com/link?url=0UkUQWoxxlRGQMdDDt1NGG8_0RNbftr80u8bncNqI87AbLBWuHqCTSHE6WojVKVK
查名字打分,81,0,81,38,8210000,http://www.baidu.com/link?url=p9UtfCjYk-fCSiYvw-X9K1RjDmkX9o3eOEAkL7W8_XWQoxX4mAFnT_A4Xz2pY3Fa
女孩的英语名字,17,0,17,38,35700000,http://www.baidu.com/link?url=J9SjY9eCejfPbhfWBWoPxnxoDiicPVOraAZcIWbWZdS0IcRiJufsLqsSrB11OVoi9mdf7jtKNqKByQWz5wA3N_
姓名算分,9,0,9,38,8560000,http://www.baidu.com/link?url=JCuzo7r5moJEquXmFe5kC1hRicVqiEVib0Dwd6syc7FmQAsEOXuYtEITi28VDcZy
远的名字,1,1,0,38,34800000,http://www.baidu.com/link?url=HlPvD0t8y1hef7w0Vmqh9OXrT1Rvc7cQ-8IsnGtZPVEESRyPW2N63r8dw29R-tbCAhojCaKtoWlH5tG12ouadHPLP6pDVXg4mF5rSdH12Ki
免费姓名学,1,1,0,38,4870000,http://www.baidu.com/link?url=wBks9jtXQ2qugQCOKWmr33vna67w2nEYJQSIOlvYPWjqCVqQuKGmoeuXHb8z9vBn
起名测名打分1518,1,1,0,38,30700,www.jinbangqm.com
姓名与人生免费取名,1,1,0,38,10800000,www.jinbangqm.com
2013年蛇宝宝取名网,1,1,0,38,4750000,http://www.baidu.com/link?url=BvWwpv6WnmGPXF71t8j9ZfyDiLn9oVJ6O59dTCxMzV4pkGt8XyNB36NbK5c3roPxScEe2Qr5C-ngTmM4Xh8Gkq
名字测试打分网,1,1,0,38,2630000,http://www.baidu.com/link?url=pCbNKpNenSti5wRdgnAhqS3DdwEWvLhPsKXefjiM77TmwhpRstBXgmGj2-M2E2e7
在线测算姓名,1,1,0,38,5570000,http://www.baidu.com/link?url=T5QFJDxMlVOy_aIusGXoIHLAPSb6VU_Bdkfq_Gnf3byeHNIMLDfJ0REKnMkp3Dqp
生辰八字免费起名字,1,1,0,38,10500000,www.jinbangqm.com
免费测名网大全,1,1,0,38,3590000,www.jinbangqm.com
姓名分析评分,1,1,0,38,1130000,http://www.baidu.com/link?url=pQu-cdqgNdQgTmkHdikBGN8zvVKtDJst6UsYrYcyw2_VZN6s2ie1j8hUYDOEchdG
网上名字测分,1,1,0,38,9310000,http://www.baidu.com/link?url=QpVoWOtWC5A8FHtBxFFEWGv26q7ZHg3L-FLVbC6kNTVdllLXRxby_Dm90Nly9cW4
中华免费测名字打分,1,1,0,38,27400000,http://www.baidu.com/link?url=TXuNj8tMeJIa6iUJLr5CXO1M0yD3uvGWPb3qp7xkbIKyUmu8rosT_j8qlPXva54jT0ZRf_EG39mlT2xSqHeaPE7QxpZF0AAn5GCgNMD_8uWXwO0JIqxw5rP86NY9w6Tnz1bOEVzsn3zaxfQHBQ32Pa
根据生辰八字测名字,1,1,0,38,7870000,http://www.baidu.com/link?url=lT8Qc5rPAEX8xIkMfhuiHVQ_6yCC3NWQs55uroLlC70F-dgpcjc5fazV9cTH_QYo
2011宝宝起名大全,1,1,0,38,9670000,www.jinbangqm.com
五行属木的字,1669,196,1473,39,3460000,http://www.baidu.com/link?url=9qbszv01bSnFG8fS31dCcw7kHa2OtoA0VoOf4TONcdxMp7hvh4DN4HwBxWW8aQYvRCW621Ai7GX9bxnACuc6Rq
女孩英文名字,432,94,338,39,6850000,http://www.baidu.com/link?url=gC03EBcJPojxkUrII_NoRc1OVYfoA1MYG6qsnejPkYPfheSTobPNQm0DJIZU5Lm4HLtMDPrfLly2utypG_5WbK
黄怡,211,91,120,39,1280000,http://www.baidu.com/link?url=yFZpJVuYb-WVH_7MXCveDXLxOM8_C8N-MxYmzWGcdXp3nboTpEte7EW3eMQjeFMxNJrFxjAlFYSdwTpenaS54eCEzADusoQJELx3jeR2usIUXxCTaJ2pKhakUDEY73zmLnQDB0g7zKbS46siUFVSMSQHbWemHHrkKYlEUB4nbAu
男宝宝起名网,128,80,48,39,1140000,www.jinbangqm.com
张艺潇,124,51,73,39,262000,http://www.baidu.com/link?url=6395vEGgiRj2aqW7x4mgqnHyCV_9nrT0nLvMo77ErwR1d7xY-bACLd2-SQUuYmrcAslnDL-BMJMLegK0f1CL4fNkC8HBOOn1CWebyxTLzFW
女孩英语名字,112,0,112,39,6850000,http://www.baidu.com/link?url=rJ_2yiwPtLQ_u4vyLJYvC1lnrzJpg0Z87IoWIa97K35LnVHShVVqcwolf40Rqb8qPN3-3cceIcBjbqIIAQ9elK
宝宝取名网站,66,66,0,39,4560000,www.jinbangqm.com
测名字打分算命,64,37,27,39,5890000,http://www.baidu.com/link?url=89DUTYlDOMv_7QlZr65iXFAPO_zb_hG5Lcllmdg90aJ6F1yIg7MA6HnkSkpl0aAE
周易起名字测试打分,52,52,0,39,203000,www.jinbangqm.com
常见英文名字,26,8,18,39,2670000,http://www.baidu.com/link?url=DZCL_df2K3MPIskpc_wxrQeCQ2D4Eb9zIrA_x35rxAInU4JBNsTEkoaapcsyGz7CJRMFhP5c986lQtYuVSuMaq
quming,8,8,0,39,39600000,http://www.baidu.com/link?url=rC_S1lGRUdx8VKupm9qklmNjpmDdDBcqHdmr8CC-bM__a8FGWg6HUXHXsCiEbvBm
房姓起名,1,1,0,39,103000,http://www.baidu.com/link?url=5MTLOBElKSidv7MHKTNlbVCmZjG0EUjY87etjJsiN5VOXObFkdzyVAgDvc6yak8B9xcPcAUSEApfPe15DEnRuq
名典测名网,1,1,0,39,156000,www.jinbangqm.com
龙年婴儿名字,1,1,0,39,269000,http://www.baidu.com/link?url=Itv5bW0l9IohEtzEL3BbBqnC5a8A6UG1DwUCSw3pi1gCyNY_4hmEBslPXmpAV5jU9jwlomrO8RHN5u_afvsZcEhbTK48qyhMTtMt976BBkQSzZpnhypMDVDAEhNJtLFaezBvfwOUiYEqU2ZpcNf7__
2013年蛇宝宝取名,1,1,0,39,13000000,http://www.baidu.com/link?url=DbStn9jO0OvbydW_ZoUkgMzRh3P_lfX-X8TGtZPoYRK27jyeDc3dmgLp8DBQ8XwWgzUjxRBOHqCRIY2nvivyNa
周易算命名字打分,1,1,0,39,4990000,http://www.baidu.com/link?url=zSoEzj2epUGuaB-HrmefClcfplq88LCh08Sf496WloWmbyHnZN2rEBTwpffPGTGgLRpvT8iMJXwNgeQOnPxIyq
房姓起名,1,1,0,39,103000,http://www.baidu.com/link?url=t2MiVZKsW-_clgYvHZGVNM8_fE0C3UBc1lesqJ0HztRVC3nzzXfYIwkDf4O9v8C9p_oHovo1MGkAzAszFzh3LK
四柱八字免费起名,1,1,0,39,3270000,www.jinbangqm.com
中国测名网,1,1,0,39,27900000,http://www.baidu.com/link?url=LCGHwSGVfRAgYIeVCK0BglDrBPteKGUngWi2huJXXqY6gPJf497cAYRmXylwrECObTSVKuWhJIdYuQWPBbS2ui_KuXYREH6juUUOHH9HxtA7zG8UgIvoj71bcucxgmBVwHZ8mLnIGyjPrfodc530s_
起名测名网站,1,1,0,39,6920000,www.jinbangqm.com
姓名测分系统,1,1,0,39,2370000,http://www.baidu.com/link?url=wiZ_kNA1RO-Yzt2XoKBlmt4YNEoEp5aDWueeregmI-5AbnhdWl4jB3FVnkWHlM9a
免费测八字五行起名,1,1,0,39,2600000,www.jinbangqm.com
周易免费起名测名网,1,1,0,39,110000,www.jinbangqm.com
免费姓名测试网,1,1,0,39,3110000,http://www.baidu.com/link?url=qxnTcJ20aYS36yhBc6j0TgbrH2tm9Px8Yd8EefuYUfv2TYEYTV6VIAktDE29QjfV
测算名字得分,1,1,0,39,10900000,http://www.baidu.com/link?url=kpPSlEoGnMiygb2VDJeN3FCxHtIPldsm-oY8HZDgIxkrwQOfRAvWqaTE2xmiQm4U
测试宝宝的名字,1,1,0,39,34700000,www.jinbangqm.com
起名字测试打分,9781,763,9018,40,4890000,www.jinbangqm.com
起名字,4705,509,4196,40,30700000,www.jinbangqm.com
孩子起名,1125,179,946,40,25800000,www.jinbangqm.com
宝宝名字,871,103,768,40,26700000,www.jinbangqm.com
陈思涵,291,79,212,40,414000,http://www.baidu.com/link?url=QqdxekroFBckRoB0xaCfsP1n6P5PwCNTF0rdRLx3Y5tbSGxUfE1kVXwd5Gl4VBD_aArwdzuKNUDaH9NaMpRVBanwyk9ikUhXbXD-s-MYqcS
袁语昕,282,66,216,40,20500,http://www.baidu.com/link?url=390Sp7LzDZWQ8_4zlRXNsUJwt4k9-kRinJ1hq51DvCpuLMDMqI6ZRb24HSTQOlQ1nmRWfKkDXe8VzvaqxY8Zp_
金榜起名网,241,79,162,40,147000,http://www.baidu.com/link?url=_jNq5bc42PbnFOaNbQ7IRt1x1O94T0oyhfmlwESCFV0mGhMOGzEN3OfhfrPQfk-9J6NX2W4LtCD8mmhFdcvgZD1-UMHr9xAk0_TdGtrXYC3
李雨菲,224,74,150,40,126000,http://www.baidu.com/link?url=KLBJ3PfAXUhDIJPq7jXjE5s_9dvQVzLKzPnTkk0JV2YiqcsDP_SDXQDRSiSDFCZUzkBTa1kvSY1_DUKk3JWc8ZBsOzgfH4coavgPqhk9nzq
康熙字典14画的字,192,56,136,40,566000,http://www.baidu.com/link?url=wOUZaQxhtNOsgAYHFC5_Ey8BDT8gVorsYi4XxFOGqvjU1HqK-Kh3GQTHrfcvvG9cxDwFNIP-yk4E1OIUU6U10q
康熙字典9画的字,185,68,117,40,409000,http://www.baidu.com/link?url=BfJ3ALhOyWQLiTdEV5AClLx0NDxF3XYCJc18zcjmlAhaX7MPjg71sISM3squGZtlWPA7tnQr3HZyvoLpRL4A4a
起名子,178,60,118,40,30700000,www.jinbangqm.com
女英文名字,152,68,84,40,10900000,http://www.baidu.com/link?url=GT2lYs7JuOwZfpnVwvmiuKDwbpCicn8dHS1khwrNj7--mRnFzoUqUCoZHYmqyhpzJA4zLjs1QUoLxvlnVXVfya
康熙字典7画的字,142,45,97,40,11500000,http://www.baidu.com/link?url=mniCtjspP-tjz7q-H2bcMhFVlT2lvhu9LmjT19cqSIKkMWFa0L409QzBtiKFNnS8RQXSMZKB3-dqVgQipj8Nnq
名称测试,132,63,69,40,18800000,http://www.baidu.com/link?url=w5pTwPV3SUbPlsE2N_VmTdmnTZtfEvcPXlaqKsh6judfNEJ1V661bVLZXPlO7uHs
宝宝名字测分,115,0,115,40,6870000,www.jinbangqm.com
宝宝在线取名网,76,67,9,40,1350000,www.jinbangqm.com
在线测姓名,73,25,48,40,4430000,http://www.baidu.com/link?url=-BGA1oZVfqBYC58nW4Ekl4UbNE0YUbkDMQt3OPqsANRCFlLa9F3iDFAr7QrqLQBr
免费宝宝取名网,66,66,0,40,1390000,www.jinbangqm.com
给宝宝起名网,64,64,0,40,1120000,www.jinbangqm.com
免费婴儿取名,64,64,0,40,3190000,www.jinbangqm.com
免费给女宝宝起名字,64,64,0,40,5840000,www.jinbangqm.com
取名打分网,46,0,46,40,1180000,www.jinbangqm.com
名字测分网,35,0,35,40,27400000,http://www.baidu.com/link?url=fIRPfOpBcKvtgp_jsefYSqfQAqyeYbYzJGUifoVJOtFiEgQlCRw8moEwdFkhZvKm
测字取名,17,0,17,40,7440000,http://www.baidu.com/link?url=6444JAb83gN4zsdKAO8PlbocwcJbwwjVn58RJIkFKELOl7AZFyJ-maTV6Edyk3_7
宝宝姓名评分,9,0,9,40,1050000,www.jinbangqm.com
免费给宝宝起名,1,1,0,40,5560000,www.jinbangqm.com
霍春宇,1,1,0,40,53600,http://www.baidu.com/link?url=FAQbI5BBVyWIuo-mXfyLAkzQO5sVeXnU8DC93XWfmwOTZuC1zZpfm-omqNRVu9Pd5yejmDtsU2Zm8AwcyalOEK
王艺宏,1,1,0,40,11400,http://www.baidu.com/link?url=aoRcx_KIN8HBCIwCm95DS3ayGD2fZhGkWdNZg2PBhIvdmsM4Ms5g6ExByAK_Lno6AQHZF4vdVpSx4XW0eYA0JK
出生日期起名,1,1,0,40,6200000,www.jinbangqm.com
测试名字的好坏,1,1,0,40,20100000,http://www.baidu.com/link?url=Ook1-7flGRKBPPXKxwruZCzlphIIt3kAQ3iil0E0xXHqSF-1H1GVV5xjk3sBJXF9
石家庄起名网,1,1,0,40,296000,www.jinbangqm.com
免费名字测分网站,1,1,0,40,6810000,http://www.baidu.com/link?url=ekT05BoiqE4rU5vm8_U9pz3pk-BgecKUdLSH4PK8Ud7XNGL6nEp9sbNgUOvxds6p
易经算命 姓名,1,1,0,40,5160000,http://www.baidu.com/link?url=R0DTIwdB_E2lIoBAqniCZ4CTZXULqtMAiK74iTRjBlhsJqwdPRXr8LRKRg5i9eh6PJJ00_6G0x73TQ2MAw7mRK
出生日期起名,1,1,0,40,6200000,www.jinbangqm.com
五行属金的字,1501,257,1244,41,4580000,http://www.baidu.com/link?url=pS5RMRzs4Mso1wPmgrLYn4EDNOkX51lvTa9ccVvbChq-LBwEtzrANUmD0tKQhKcHzHmaJm_OmoUuXGv5veuei_
宝宝起名网免费取名,275,161,114,41,17600000,www.jinbangqm.com
给宝宝取名,234,72,162,41,7080000,http://www.baidu.com/link?url=q9wvM587kbkl5NL_yX3hvNB2UJX6gjHeREfFYU1tDqtt6ZmeHp_R2_Br6tNNmBBs
在线测名,222,61,161,41,4240000,http://www.baidu.com/link?url=Dgt-G40a94Lod4UISORYR6ZD8nfxCkjjRLDg1EHM75b0WKfwOJFTP2u6QLurEELu
王诗琪,173,70,103,41,215000,http://www.baidu.com/link?url=201sxXvzIX5vi2qw0R3Qnpc39qCI8U9FrfFaE0QjWhPjeuTt8OKQLjbJb2ADp590weHK76bTP8XI5Dui-V9INQl7Dx1oX90fI84eiJhZuIW
名典姓名网,172,66,106,41,335000,www.jinbangqm.com
姓名测试命运,156,0,156,41,5420000,http://www.baidu.com/link?url=i4KdUYxQexbBhHWUP0TOTJQWQ2E0_BKF0VaNMulyBOD7ZdFMklUSiiM7eQXlRSm3
测店名,153,26,127,41,1040000,http://www.baidu.com/link?url=JsmWYkBUTV_jJDqnr88q38FR2Uz7HIsoCqED3VN8inTg4OzLyARWuSeZSy20kmkg
贺子豪,150,66,84,41,41500,http://www.baidu.com/link?url=_NQB9SJ4wwYouC-ExG5U0hMyGU1RHuj5-WfITnhxE5yL4SVfQ2YiRySoMiFNFj6MMRDu--aU2vvjVTM4_cyCFrtfllwdQRnjfA1cOnuSGwG
婴儿在线取名,102,68,34,41,3740000,www.jinbangqm.com
起名字的网站,77,69,8,41,17700000,www.jinbangqm.com
宝宝免费起名网,67,67,0,41,685000,www.jinbangqm.com
取名测名,45,8,37,41,12200000,www.jinbangqm.com
婴儿姓名,44,0,44,41,8850000,www.jinbangqm.com
2013年蛇宝宝起名大全,36,0,36,41,23900000,http://www.baidu.com/link?url=6WnpwbS44Dt-VMNmsPsWuemCLKBN3NeJx4kFJJalqSKrAkug3tO1Qbzdiw2K_DrV4RWgHdb-IRfHl0M2jrUhf_
根据生辰八字取名,35,0,36,41,10300000,www.jinbangqm.com
周依晨,8,8,0,41,18200,http://www.baidu.com/link?url=56X_cLEtoTmvJQqtZCbyBkYb69WpoP0uZaTdh--7hLHzHg0yRyGssrXPeCmnSCCPmaOZFANSW_D3_U5ZIVc9ta
免费给小孩起名字,1,1,0,41,8490000,www.jinbangqm.com
生辰八字查询起名,1,1,0,41,11100000,www.jinbangqm.com
免费给宝宝取名网,1,1,0,41,20300000,www.jinbangqm.com
添吉,1,1,0,41,94500,http://www.baidu.com/link?url=xN_nGfFzSW-LVzcrp2lFSdlipfF65yUYcwA0pmfLJ4g0u58gZrBo0lTOY7Z3GmrsvNlLjusj0lKRD7KZ3IRu3l7QD0u5Jec6E4uoJDlH8BO
2011男孩名字大全,1,1,0,41,34100000,www.jinbangqm.com
测试名字好坏,1,1,0,41,1600000,http://www.baidu.com/link?url=4KQKDPUP-lpzdiihtQ7fB781Y4WtPrbvAwMqQPyikDG1v0uQiIIhF2gewLAB4JfR
测试名字分数的网站,1,1,0,41,16800000,http://www.baidu.com/link?url=mC0duhVuetKMjOg7kW-YWTp3-jryYHpjqOmDHfRNXk5NGAMNBxLDYCtrOqwgk6jn
免费名字缘分测试,1,1,0,41,2890000,http://www.baidu.com/link?url=FZSelHyS7ExlbheEha_--Pj6PrVrXx0yryDZDG3yfPDphZH3Fol2N7lDkedK0YFs
生辰八字 名字,1,1,0,41,10900000,www.jinbangqm.com
测名字分数的网站,1,1,0,41,22300000,http://www.baidu.com/link?url=8oeO-Nino9pO5kU16HpZTjhTTNNdnHmOt2MJ-dok_VmvFzr_ja5z3u0Gj0pvImMS
牛年宝宝起名网,1,1,0,41,205000,www.jinbangqm.com
取名大全,1981,152,1829,42,12100000,www.jinbangqm.com
免费起名,1645,229,1416,42,8440000,www.jinbangqm.com
免费起名网,1002,154,848,42,4720000,www.jinbangqm.com
易经取名,737,85,652,42,5860000,http://www.baidu.com/link?url=MRqvXRfx0bIOD33PuaDm4sYXkY9c0K0_NUOKq5Abq_IKHcNMoN3nRQcnUwsXHauk9y-DyD-pdpyabrx4hm7piK
婴儿取名,435,115,320,42,15800000,www.jinbangqm.com
五行属木的字大全,429,217,212,42,3300000,http://www.baidu.com/link?url=8SbUD6L0SduyQ-YxUvqfAYIwi3H1ISd1V_3Gl31l4dZEIi8O8wyqWD9xY9nAiQDVGkpnbVf2PFnzAT935LF8kfzE_-9CzlSydkPLPUSJxgVZtx-vHlVZTt7y-18wVPajEuwgRni81jiVPJFIqGR7h_
名字打分测试,394,70,324,42,7530000,http://www.baidu.com/link?url=YqF-GD7ZMjxOojXVZoIbi1sbpHUu97aejQmYQ4sTEXUI7Y221tytFrFwMmCxOjcA
宝宝姓名打分测试,149,72,77,42,11600000,www.jinbangqm.com
姓氏笔画,138,78,60,42,6730000,http://www.baidu.com/link?url=99cy0tKsbpDrcmi4qiWIa0mTk5qgLPjHPz9O0KyikdqodILJFnQscM16Xz1dINTu20XxdGz3xZfu85irHkh-G_
五行属木的字有哪些,108,8,100,42,377000,http://www.baidu.com/link?url=ydzzMnDC7u0R4G89wg-I-j4TYQX1Rrs8oAE6bYFaQBN_HmdTrm5bUckxfyRT9SWre1wLb4C9PQX_k08fWOzv3q
姓名占卜,100,35,65,42,13200000,http://www.baidu.com/link?url=py9Bqond41PKPnnnriCO_jzCKPKxOxRZbgUV51IbMvo624eEIi3Ovplu-A6VeEol
取名测字,98,34,64,42,1180000,http://www.baidu.com/link?url=2iyqOEG9GK7CJ5Y9Vt-m5pMKcJwQyPLS1_EyEUs014aw8EUuGEhK8060HjaQFd9Q
取名测分,93,17,76,42,6810000,www.jinbangqm.com
取名 名网,66,66,0,42,13300000,www.jinbangqm.com
给宝宝起名字的网站,66,66,0,42,23000000,www.jinbangqm.com
宝宝网上取名,65,65,0,42,3200000,www.jinbangqm.com
周易免费起名测名,55,9,46,42,3090000,www.jinbangqm.com
肖艺峰,8,8,0,42,97,http://www.baidu.com/link?url=JmqEw3xT1gX6T4FR-T0cxitrX3YiTp8Z9V3iZTALDPfFzj9IQ_c7RPCUBE6l29-8E1mLqlIHuRHvlKOowB8WJ_
姓名分数测试,8,8,0,42,2770000,http://www.baidu.com/link?url=VwcQTtjdkuqcirHYgocv_r9WXzVKOIp6ZCtKv9GwfzeIAQgbkvVtG6gU68SaFTPf
黄奕博,8,8,0,42,13100,http://www.baidu.com/link?url=BPyNScrYKugivqKlxi8G7U2pvinb5abG-wVPB5Hc6FHKjIHEkF7E144_i_Issi7cEsC5C4d8A_z906E_r_B9Y_
测姓名值多少分,1,1,0,42,8300000,http://www.baidu.com/link?url=osOtDgwEUH8EfBZOI3KlqdblDF7PA1VWdl4sqybs54cTHMVMMxxz0TY1CDjIXIv591Qs82v4k50fDuJkJ8LL4usWxD4e2Skv6kfCi8eyMS_
名典在线测名,1,1,0,42,116000,www.jinbangqm.com
在线测八字起名,1,1,0,42,8320000,www.jinbangqm.com
五格数理起名,1,1,0,42,7100000,http://www.baidu.com/link?url=wu5Wal13ktYMGGDZSlrOW4HkTrI1NPy0MF6_2SsFVSZ4C9toxwC256Mx00CXM-LLG_iAk2dAgtrzaRbrvtK47_
名典测名字,1,1,0,42,112000,www.jinbangqm.com
小孩免费取名,1,1,0,42,3210000,www.jinbangqm.com
江依涵,1,1,0,42,54,http://www.baidu.com/link?url=v8x-klbmRB4rdcDTQs9VwtpDrdTKryMHqFUcYeKYCosU9xMoDWLyOIp3ovrX78sbsFFmaYQx2ZUs6BPI524zu_
取名字,8102,860,7242,43,20300000,www.jinbangqm.com
周易取名,3266,674,2592,43,6540000,http://www.baidu.com/link?url=q2awyq1aGhz5jx-VbCoe-hMFN1MBwsPqIvsJZYUg_owtbU_pO-xqLqc5zjCOzO9Jfz5ijCN3JofZPaBLKQIQhK
姓名打分测试,999,120,879,43,8330000,http://www.baidu.com/link?url=CfdjpFJkaGFePdpnbdEZOzjm7A4ktOW-nxw1kjSgifkD0Ket3Gc9jKyLklNJA0Lb
属金的字,770,128,642,43,1770000,http://www.baidu.com/link?url=4MLIcPTf3NvTayxappsjogDgz7Ntf6y37AeSEHEI6upYRhW6neYFxwZKGZJL0U-inYL6ZupZC87yet3AqIptXK
赵楚然,324,102,222,43,19100,http://www.baidu.com/link?url=CfhCwFrSaEBthUc8IrXrTTzinCJ7kPWysvuwlzQEufLaAiulN7B1l_Fgh6MTANDMFM45qaiVEplhbgUhNWZada
周易起名网免费取名,277,68,209,43,2080000,www.jinbangqm.com
金榜起名网,241,79,162,43,147000,http://www.baidu.com/link?url=55sU7in3OazKv6XdppLUUbtgrljhd_jUsNP54K-RCFN-GiR2s0OoLfww2Db9BLNWeS_jgBKsxQbf5zwKBjHh1_
田姓男孩起名,217,61,156,43,58900,http://www.baidu.com/link?url=CrmRLp4CaaWk3Sp0t0IFxrPT3_7aTFRMpmmzPmSZ7he_BrLrmP-8XuzH1RTkv_SFmzhXgCG1TEtIZFcmVJIlc_
姓名分析,203,69,134,43,24400000,http://www.baidu.com/link?url=aTHm4wtrDbReQeU1nTxG-L6cHLzRsiPUZGvX89DcAdCxwtxCTP1UKwYNB3Pu5NcY
五行八字起名,189,56,133,43,13000000,www.jinbangqm.com
何雨桐,159,64,95,43,80800,http://www.baidu.com/link?url=jWacwCMyPpzkk6F_I11aht06X5DDmyOMqyFV9elxOIhhZHf_GwaBY2nGDBE5Y-z8BNy-4798QYm_LIcuuytT7m1aWrPckiSFbe8wDsAqJYZVH1_1nUZ5NwQdoem6kRMbZAR8dor7CnMBPCrRivTT7pZqIfHV8sHkSKmHLGXesY3
测试姓名,159,65,94,43,12500000,http://www.baidu.com/link?url=dU6fhE6xCrD7nc-azck0nWXOpvbjqihX7UbDA0gUkLA2d6apkWtM3-IQE5HTIDUN
李泽熙,156,57,99,43,75600,http://www.baidu.com/link?url=14SRF2M75cSZDry6zlSr_L7wCOWiKGs82-DdllYsZLQ3Sq4XaiWSHMZVtCfunlPL5Xhtt7liYwSLSuztIXtSmGMPhhAq3jbEutXM8EEdtQC
名字 打分,152,65,87,43,9080000,http://www.baidu.com/link?url=SGde1h4zHTcLr6LAVBSNeCSQSzEVfBJsltHrgya7Ko80G1lI5xugQYJHf6WhI7Lc
取名字网,130,68,62,43,45300000,www.jinbangqm.com
测算名字,126,25,101,43,12500000,http://www.baidu.com/link?url=uEN7aXFYbT8qQVvitRQ5A50H79LDqnai8k8dY603XVp_laoP4sWKL5H-Zy4Zmqd9
五行中属木的字,111,10,101,43,1290000,http://www.baidu.com/link?url=GJiux83_eLfo1KllNSuKFFpyins4J-1lZjTDhcYsr6TCACljFTq9pmJt-JtyNP8tRcSb7EUbDcqr7jLqBAPeM_
名字测算命运,50,50,0,43,5290000,http://www.baidu.com/link?url=ImVbtidrB08ADHojkt5dxh_WSZS0Eb7CoH39UFr82b8uB83Eb4ftGLAuy9v9smQ2
免费测店名,26,0,27,43,7450000,http://www.baidu.com/link?url=WEHhC-z98wgJw0wXNnfZyPTV5NPaQwI3ZD7bkX_ZcaoThTR7LQ_n0m5B7uzcIwAC
陆蓓蕾,16,16,0,43,9970,http://www.baidu.com/link?url=hmCRejVG-yQ4eRjYUMOo4NARvTdgziC0-1CYfPGz-9wHtFuc_wqDLzLgK4DDFclS3j2NmRYrtvxmCg2CUEE_KK
姓名学打分,8,0,8,43,5920000,http://www.baidu.com/link?url=K5QhhjA-0X25JkYccf-Q17XGVciJGl_70SxXL4Pn1yCrNTOGCVorh7_FOIDODFqe
取名 改名,1,1,0,43,10300000,http://www.baidu.com/link?url=lXShCfFOwAWa1GmX7TtT9uMT9l3EI3AbCgAwvc_JS01LRAejDIgsezWzoGB0ay9O
流行英文名字,1,1,0,43,3400000,http://www.baidu.com/link?url=wKpJq5zbwEX29PVH_FpufeeFirDp2TF-EfcMiObLXtHn1Oc4iAgnGktibU1wb2GnuBL8GtQEIWhjfK5XvmOfya
免费起名测名网站,1,1,0,43,3570000,www.jinbangqm.com
姓名取名改名名字,1,1,0,43,2650000,http://www.baidu.com/link?url=txEaxI97hja_V4ZWIpmNOZn2Kop4ppvi0p9DUtcmtkn9Gb5j66yG4NeEWrV4IQ7G
名典在线算命,1,1,0,43,133000,www.jinbangqm.com
测试名字,841,77,764,44,18000000,http://www.baidu.com/link?url=v1Hrp80h-8flMC91tPcUk80x798z2LVXQOjJxhXV5DXgPfloWsDiSQP9hqsSsBNY
八字测名,475,95,380,44,2610000,http://www.baidu.com/link?url=5DHp_4oUKczsyVvrTCpVMWJtCh2EaJHsbJwTqeLeNpP4ey9h0QGelQ2hJOhqZ8HC
取名大师,248,25,223,44,11500000,http://www.baidu.com/link?url=9AIMKKgIJtX8L683ygLG11kbtmgpUIAJ5Pj_kNzzkMV3t-DyUSoxw7BSbXjOjFQD
宝宝名字打分测试,215,97,118,44,4730000,www.jinbangqm.com
起名字网站,169,89,80,44,14000000,www.jinbangqm.com
宝宝免费取名,124,74,50,44,6310000,www.jinbangqm.com
在线姓名测试,74,18,56,44,1600000,http://www.baidu.com/link?url=5me4A4oDZMqt6O7cT4anvf9ZkojYCFQ10xpyZeKH6ojVcuxi76OXpcaTULfcSwhv
宝宝免费取名大全,69,69,0,44,24500000,www.jinbangqm.com
免费婴儿起名网站,66,66,0,44,3570000,www.jinbangqm.com
免费宝宝起名网,58,58,0,44,1580000,www.jinbangqm.com
属木的字有哪些,54,17,37,44,461000,http://www.baidu.com/link?url=NryRKH1MbBxnPL23uTre4KJpqMIHrItVzxUliol4LJQnBPmO-KQmiwPHMh1g9gqUEl2WR64dGOdN-vFQXJ9Cr_
马子越,17,8,9,44,35900,http://www.baidu.com/link?url=0IbuW9QTSIMNwtaj_zPcsa_S2DRsQCZg36YCJY6yvAwj6lJT37G_33kYW5ZjO_3JtEISSBZFW-FatQoWRfp_9K
免费生辰八字取名字,16,16,0,44,10900000,www.jinbangqm.com
陈炜文,8,8,0,44,20600,http://www.baidu.com/link?url=2CWcYKcfW3KC1ETMuGhg57ILwzu3x8fWKSfskdZoBRJiihVEZCw57VYi_cgdGcS14uuWWRNuKtDfbbMzzPBdQ_
免费给宝宝取姓名,1,1,0,44,26700000,www.jinbangqm.com
最好的测名网站,1,1,0,44,7490000,www.jinbangqm.com
星座滑移,1,1,0,44,136000,http://www.baidu.com/link?url=mw6A5CIflhYxyUeD7h6ymryFlNVxfIoa-0lmtQEeEe14rrhpn9rDalN4dF0lCAuFz0Cgr5Ole7eBanVim69Dga
免费测名打分软件,1,1,0,44,7340000,http://www.baidu.com/link?url=bGKIjdCyt6qafrJObEkpX1DRxA68Vrt2A7iIbDK01Pg_HveMBCUsg3bLGfM0qpZw
在线姓名测算,1,1,0,44,3250000,http://www.baidu.com/link?url=hUOuMK8tkbVeKRoQs6S4qgvJ6A7z4VGnmNYhlv1dmlTBMrp46YbB4eosHAA4CmnH
网上起名打分,1,1,0,44,7360000,www.jinbangqm.com
测八字五行起名,1,1,0,44,2670000,www.jinbangqm.com
姓名测试,9578,1317,8261,45,10200000,http://www.baidu.com/link?url=5uQbLfqf0Fkr0TlIsrVe2zm3V82lK9bzB6RnBT06tIa2tyI5QnT2Qn-wv5DdVBra
五格数理,292,85,207,45,5380000,http://www.baidu.com/link?url=zLLA12lFNgt8voGwcUcxHFzPR7NA_PCyGfAuK06_ucI0rOFl9XUL6F-qjj2S-PZyeh5lpvoFi8qjUMZByQwDZK
起名测试,226,43,183,45,10200000,http://www.baidu.com/link?url=QUYBuzFcpwTtSUBqoKFfyWFsnJ1324o57yFIf3rKmNnJ5X3OFMTsiLLFiDg_CCPU
取名测试,181,16,165,45,10200000,http://www.baidu.com/link?url=n6eX27j2RqDTpxdOjf-LY80OSQHEFbGmIqqo42TrEU1ffnhwPjlQN797PWOnPmar
李励庄,132,53,79,45,35800,http://www.baidu.com/link?url=9IfnDZWLwqrf0tlesTtLmqbhhZatP8EY_pyFiPQuJrBxlvz89sR_x1sHt63dnkQAWXgs71ul1Pgsx3ferpko-K
起名字测试打分算命,114,9,105,45,14300000,http://www.baidu.com/link?url=z14kNaqdJcoRLPEP7UYSS8F2ZPHjwzcxClX9bLEg_lONJ7deFbTcg1IvPWBoq9gN
徐近平,94,17,77,45,11100,http://www.baidu.com/link?url=qR9mLUsiWgpKvjafBpVGTsgHJ4FsQXJuCsfbBu3OzdkECKeFnHxudLbEvCOHEmhWzi0tAbR_aRcnsMHEODE78K
姓名测字,77,0,77,45,10200000,http://www.baidu.com/link?url=jiX1Knagc2o2NkiiVn05t_V37Tt65uskc4LnbzBfOFbeBj-pfdvvx0eOSE4A19hA
根据生辰八字起名,63,26,37,45,10600000,www.jinbangqm.com
免费宝宝起名字网站,56,56,0,45,31500000,www.jinbangqm.com
取英文名网站,41,41,0,45,1370000,http://www.baidu.com/link?url=PxRouTUeuMajSiQ1VrlRPmcyKnW25-12ki5VufEkRVxpGYeRRHO1y10iPzmz-QC1yBIS03QB6Q9zGHyS61BhNK
卜易居起名,9,0,9,45,1840000,www.jinbangqm.com
美名腾智能起名,1,1,0,45,304000,http://www.baidu.com/link?url=ezZSX6orsvsHQ9IyIZhD8Ky58VfQLOoNkJqLv4sJQo5zm3r14lYkfQixU1HLqJlAKJ31rBUSGpRN3cK3R33w-q
八字算命起名打分,1,1,0,45,5980000,http://www.baidu.com/link?url=VkfBJczvC0y8HaWAILqE4LotnedVf_lM6ju_sGPwtmmnFYCAHUpNg-Kblm9AT268
2012龙宝宝起名打分,1,1,0,45,9730000,www.jinbangqm.com
取名测算网,1,1,0,45,1170000,www.jinbangqm.com
免费测名网站大全,1,1,0,45,13800000,www.jinbangqm.com
名典在线测试,1,1,0,45,83100,www.jinbangqm.com
测宝宝名字分数,1,1,0,45,25200000,www.jinbangqm.com
给宝宝名字测分,1,1,0,45,31500000,www.jinbangqm.com
免费姓名占卜,1,1,0,45,5020000,http://www.baidu.com/link?url=qneyNhRm3Rti2PEfFNTdIdnGoLeNs3hmgAn-j5fG5FWC-hQjoRtmfeTXjZeikdRf
刘梦妤,1,1,0,45,95,http://www.baidu.com/link?url=bL4HLrtMPNprluLIEgo61i4sdipxprXdHo4ny4iw9sGVW0ClpapCqtcWv83JVexvimTOsU7kNR-q3BKGqouoc_
给名字打分 周易,1,1,0,45,1970000,http://www.baidu.com/link?url=1fftUW1Y6OP9UQPuMV4PoTfaN0Oahkp0gpyFiuC2Xoplyx5xN5BK7W9BiDHOqTwRBjeYqhknyf3y2do61ajhkK
免费测名起名,1,1,0,45,2800000,www.jinbangqm.com
名字测试,4186,762,3424,46,13700000,http://www.baidu.com/link?url=FkIs2WjchUHDfXSr_fzt-xUpgPc2VrWOxmM4FvYQHc1VnAVCWQ82XV9G3XWMZDGU
好听的英文名字 女孩,1282,245,1037,46,9970000,http://www.baidu.com/link?url=pHfneTx27G0uJMwlQ_GMia1s5nSSGjsmIjbQb-YRbUYx1S8_yOzJ7Vj_Tut3ESlsoFTonRYAWQ4Dfv0hM2FQXq
宝宝起名字,581,215,366,46,23200000,www.jinbangqm.com
名字测算,480,63,417,46,13700000,http://www.baidu.com/link?url=CWgueDNYf87TBoGlBq2Ndhc5rV5alVr-De3s2Bs1c8rrLvdAaRduDTOzjL2SS1cC
店名测试打分,417,147,270,46,2890000,http://www.baidu.com/link?url=rfS7JrHieCiqLN1HtMD88VTPvR5A1FBVRrvVFo-5oelJt7PCfvLm0LhSDHFOBMd-
取名网免费取名,283,66,217,46,97900000,www.jinbangqm.com
宝宝免费起名,274,99,175,46,7770000,www.jinbangqm.com
金榜起名网,241,79,162,46,147000,http://www.baidu.com/link?url=FWiU7ymX0kduZxzVq2EuQIHuvJNEYBtvlvQw6oBcQNOon2EzziwwRAOCE_VV_T3mxfcvAl6w-d40RH4y3fkRyrEuqpRiEind_jC8xA6v3XvS2R2KDbA9xLaK0c7Ja8e3pQrulfuXBwXY0Mk_1wj1eK
八字姓名测试打分,192,87,105,46,8340000,www.jinbangqm.com
姓名评分测试,136,16,120,46,1710000,http://www.baidu.com/link?url=yTdE0cu7xtEiKLdw5wyqJqqD5rPzcfnbSRPnHs1NbDUgttfPIKZb-TMD-oMAB0KT
小孩起名网免费取名,123,84,39,46,17400000,www.jinbangqm.com
起名网站大全,101,64,37,46,14100000,www.jinbangqm.com
张竣,77,41,36,46,168000,http://www.baidu.com/link?url=xNrv21MRc7kSQTPlVpS1-XpA6QuEWDv6-yc4lzvWbZSljLXcxRPh-q6mNT-Nge81b_6ed4aOQwjHCxV3aqBULa
免费给孩子起名字,75,66,9,46,47000000,www.jinbangqm.com
免费给宝宝取名,66,66,0,46,3010000,www.jinbangqm.com
新生儿免费取名,65,65,0,46,3150000,www.jinbangqm.com
起个英文名字,59,42,17,46,3680000,http://www.baidu.com/link?url=xL7SR56YxyywF2SZw4bVTpGBr9-2w-vVI9mofL4pnTV5Xf4BsCw9B5nJq-sLu5UXWry_FesCbA_jrr9Ys242LK
宝宝名字大全2013,54,0,54,46,8240000,www.jinbangqm.com
名字评分网,46,8,38,46,832000,http://www.baidu.com/link?url=Ki5dYAHVBrjt0It3fZWRtNr-IYqXnWSxCbOPqbfX1WOztYVkpQXjFxbo2aUm_cow
免费公司测名打分,37,0,37,46,10100000,http://www.baidu.com/link?url=RZL44lklFGekZXSdS1gV1UaehosN4R80UlnlxhLGcYimNNnwRe68IE1hpN8hKr-B
12画五行属金的字,17,8,9,46,107000,http://www.baidu.com/link?url=oQgTzz30mkAJFpVLMn8zxa6vr3MVqyUsT8qlZ3TnTGD1FZ0VqHYNJNt3cuX5GlLekmbDq5dXX7vvdnS4a81k1q
徐浩平,8,8,0,46,15900,http://www.baidu.com/link?url=kMnh1f7NIYbbb5DtEKvmOn6e9HPbvDu0InTfSyTnX3BgTCWcRN5boFPmRt4HeeqwIxFKcCSwN-M_N-Ya5uQv4_
宝宝起名免费取名,1,1,0,46,33400000,www.jinbangqm.com
起名 测名,1,1,0,46,3690000,www.jinbangqm.com
姓名测式,1,1,0,46,8170000,http://www.baidu.com/link?url=lKGB9lZHBSd_97twTFdnOUzlzV0NbGhz_9LpjDslSBbbmWDbYPMegEx158bLIeI8
测名网免费,1,1,0,46,359000,http://www.baidu.com/link?url=m1aUsa-i4zKSVn5Z1RlWfO34oxym0-UU-8Gj1lb_EEnFv4gT_06Y5JsAh_5SJ7a0
名字打分,14742,954,13788,47,10900000,www.jinbangqm.com
名字测分,1723,188,1535,47,3680000,http://www.baidu.com/link?url=e5iteHrVO7vHOdULYzzUWNnwcWplafxQvuTFGbTpTMcpbIbuyj0jIrQKxLkibN8d
名字评分,1438,160,1278,47,10900000,www.jinbangqm.com
小孩起名大全,538,55,483,47,4350000,www.jinbangqm.com
免费取名网,357,110,247,47,4160000,www.jinbangqm.com
康熙字典12画的字,285,70,215,47,524000,http://www.baidu.com/link?url=rJ92lXU0MH4kbmxIxr1ogDhZY4mtwM73SWphS8tdr1BxHqmCDJHtr4pWU6HKG-yYQS7v0TyRfSnioOIimz3Prq
金榜起名网,241,79,162,47,147000,http://www.baidu.com/link?url=-H5cZwT6-XNmLUBNtpf4t78T0O5CilYZWvRN45AxgTf_rbOVbKUMRpwu2vPQoauW
如何起名,192,98,94,47,11100000,http://www.baidu.com/link?url=Ah1jbUtNjfBDs4r8hM3eqGSgxPqB4H2TGW3cXDdkhc-EfcTbOOFx9ms4QiA8S8WFMn5WrcsZK9WO2Fibkcc14a
周易姓名测试打分,187,24,163,47,4110000,http://www.baidu.com/link?url=swfTjTs7EgJ2NC8ULRgvoXCTiXIjcVmLQIPJURqa_eI4YcPLIl_96hWcKaEhEMTF
康熙字典13画的字,170,55,115,47,507000,http://www.baidu.com/link?url=ZssC8Ysn-Dc-K1cfcOoblfB4xq7MULJ_KtLOcYxrzsh2D5syv_vH5MW0rCdSIDzeGcGOCcqlxuziSZWfSEyyLa2-QIzwXiYOKHwm4OGH5uj4dDYcpjcG5XWuAP6Dpo4P0SN6RFT8fv42ya57iGwkPq
名字算分,153,9,144,47,10900000,www.jinbangqm.com
乳名测试打分,151,65,86,47,2610000,http://www.baidu.com/link?url=-iLG7iMXMQnJUjl8ISfcaalaHl0m1zVcWpCz28ZJXtuuXeaYQv0nuIE8uz9MNPaADfYFmYq3PaALJNv_oqb0mK
姓名预测,126,26,100,47,10200000,http://www.baidu.com/link?url=qdeFq74dPv7UQZH5bnaU8SE4t_ZRSWyW-MoW3fHlQLYM3FpiqAAAoPQtXL0teR12
给孩子起名字的网站,67,67,0,47,33100000,www.jinbangqm.com
男孩取什么名字,55,0,55,47,24200000,http://www.baidu.com/link?url=OXt0554T3XMyaMQOPBzdNjnvNsp9ggmu7chUSYLpV4_ra4Yn8cMNbBiPqCJDuUtDAAAvvmP6CM4c_QfOAX27gq
姓名 评分,16,16,0,47,9860000,http://www.baidu.com/link?url=sVa6yciu5ohvlg3AlD5sTdXpzJ0FfS9CGsjMgpT148AT8avguBqjON_gjLKLDRG8
睦雅,9,9,0,47,33800,http://www.baidu.com/link?url=K4ARiulsvz4tROckqNVSZOJYOa6aq6QT0X4zJ0V8VOs1M5VFP6-DPN4iLHin0hmdQJzOGRUZpVXbFHRthFbqe_
鸿运起名测名,1,1,0,47,121000,www.jinbangqm.com
免费姓名缘分测试,1,1,0,47,2500000,http://www.baidu.com/link?url=k0c3BlrVFUp9G6rebuTT6VxproAAOkeIeF9f1oErbKpEcMX2KYjwCnZJh82X6MdO
陈俊蔚,1,1,0,47,7560,http://www.baidu.com/link?url=mAQ1s8fvzzeySu08lr98NfEKXSmvnmODa9P4PdSfrHXvVr8p0nMYVgNs3U8HXBL4yVil3SV3mxiVfVNSYtBJH_
名字测分数网,1,1,0,47,6080000,http://www.baidu.com/link?url=ubbmi1GO1hmqCBRvMVg9K8RaqboRBXuHKGN8HFyOR-EUpxFbD-MAvp68It7-r_IX
名典在线测算,1,1,0,47,121000,www.jinbangqm.com
韦韵,1,1,0,47,9470,http://www.baidu.com/link?url=9R8_OGsVQVHWAm-eFF10VJG9oQLoTmb1-VZlRrd9a9rGXi1mSWopbHVBLT9kZdNvjtFBC2HPzsSWq968k9Eys_
2013宝宝名字大全,1,1,0,47,28700000,www.jinbangqm.com
网上起名测名,1,1,0,47,3560000,www.jinbangqm.com
宝宝名字大全,1400,148,1252,48,4800000,www.jinbangqm.com
名字评分测试,979,64,915,48,3500000,http://www.baidu.com/link?url=FI7fA63Y5XBX9j3dcaDrTiIFv7uvMiwFSNUf6tcDJCfqiwkPb2VJTH9nDHo-c-g2
姓名测吉凶,220,45,175,48,7180000,http://www.baidu.com/link?url=S2sd8XsTO6GwfLtp6sh3gvgh8Onoi51VzDTlUDw5iWDxHe2CqAOvu-wYy8AMfx9x
名字打分网,177,65,112,48,2460000,www.jinbangqm.com
女孩取什么名字好听,152,35,117,48,46500000,http://www.baidu.com/link?url=ykEl3kls6WiSPmN3Q6XQ5yIeMapU4NU1t62o2j_CV2mNFBUYcPTdwCIQHW77v2dIIJ6oQ6aV_ivdZB22SQ9h4K
专业取名,132,75,57,48,9620000,www.jinbangqm.com
产品名字,89,52,37,48,18800000,http://www.baidu.com/link?url=lcQH79jvsmDECrQOfw5_FEEcExQ_LopEY7vkUKkYkW6acWhM1AYTGRLWjmGaxwSbd_bm5tiibHO_jWHsDwMqr_
免费宝宝取名,78,69,9,48,3580000,www.jinbangqm.com
网上给孩子起名,64,64,0,48,20500000,www.jinbangqm.com
鸿运起名网免费取名,9,9,0,48,78400,www.jinbangqm.com
1518姓名,8,0,8,48,2970000,www.jinbangqm.com
潘俊华,8,8,0,48,31400,http://www.baidu.com/link?url=1USYx2wY7iIFtVFVgXaCUw5dDMQbAsotUbeGuciI9xnpMbNOEL74lA167awh21-lljk3eEjRqYNV9OUex_5nPq
免费测公司名字好坏,1,1,0,48,35700000,http://www.baidu.com/link?url=ijRoqx3By0q8yq12d0VlUtP4jV62Mhm9LqW8I3hjDDwHsj-5s9Va_H-blkwxhTA_
在线起名测名,1,1,0,48,4430000,www.jinbangqm.com
好名字查询,1,1,0,48,26000000,www.jinbangqm.com
为名字打分,1,1,0,48,10100000,http://www.baidu.com/link?url=RlASrVdfKkoCc46HFHpeO8m4S5uxkMaRzfxylcwZHiw9BPWG-_4ylyMiK0iSo6n5EnDloCLvIgY_V2ITavfpZyQHMBuvq1epbMyID6cOwqe
马年男宝宝起名,1,1,0,48,1750000,http://www.baidu.com/link?url=wNvhbHg9D2UKWywGOLnCEDajequZxtsCE0grk5Wesz9TOXXsw0ioRUskD9gMHZyH-_dGbKhyPHSURxOWbFomF_
1518姓名测试,1124,155,969,49,136000,www.jinbangqm.com
小孩起名字,398,89,309,49,14400000,http://www.baidu.com/link?url=9N7MByKR1ZFRZthSwv9nE7TE9YLm9l4VrZF4FYom5wUqHD1PCFyqK5l0gBO4Oh6-
小孩取名字,387,88,299,49,7060000,www.jinbangqm.com
婴儿取名字,306,88,218,49,20100000,www.jinbangqm.com
属金的字有哪些,255,78,177,49,1490000,http://www.baidu.com/link?url=EjHtg0z0OrfD7GWycO_Fm95rGgqgAO-4n2DQ5jdIXpcLz12tB1OBuW_5S3q71QpO5HR2as3Cdnzo36qyHNRO0K
金榜起名网,241,79,162,49,147000,http://www.baidu.com/link?url=c0zrfIC-UmqOhdHt4IuIBZ83u_ptcI2HoQ86SFTnuyJabW5V_kWb5uxBZWKSlEupH65HT6Ara8IogjD4ZsmNlk4rXwDAjjtXxzjMiUkiBDSMinvJARxaa7BG0yY6d2vU
婴儿名字,203,44,159,49,24200000,www.jinbangqm.com
王思齐,146,68,78,49,326000,http://www.baidu.com/link?url=D6tcEWdQz32i5MhpA3RDbN7EGBPEX7buqKC5c7HBggX56R012qSH_d04Lcvh5VHWwpdTGt4cbnSInA4gVksHx2GtoBTJYNiceGt1Z292P9G
新生婴儿起名,145,60,85,49,1680000,http://www.baidu.com/link?url=DeQFV3o1fib7gHICPV70gjwz-xgC8mclPNR65RzaC26OU2v0aj-u3UDvA_fRQHRP
给婴儿起名,136,66,70,49,5730000,http://www.baidu.com/link?url=awNBvwRN_iZGn0VvKuMql_5vMNHcgG4WbyXIRz8pZDunYhWhhLh6Y6G-5pNukVNB
陈乐桐,111,34,77,49,22400,http://www.baidu.com/link?url=xWDu9sigO-XVg4m02oJ-xAtkK33aFIxX8_4iJD6zYK31Al7E7nm0b365lGrOBjTyk4ZCXiVRoDyyG52qDaGEXa
免费测名网,92,35,57,49,543000,www.jinbangqm.com
给孩子取名字的网站,68,68,0,49,45900000,www.jinbangqm.com
姓名 测试,54,36,18,49,19100000,http://www.baidu.com/link?url=zJJnVqQAPfCCuIGuB_Dpn4N0E28nYzN9CPuxVXLydHJugcysQALgiaUqQyAL17MG
张晓晨的星座,52,52,0,49,49200,http://www.baidu.com/link?url=8KeV3g7veOKwr5nf9Wr3jOXx4eBVT9YiDrUGiHhefeR7WfAd1-wOZVlI8FLiJ0CFScg2Y3MK_Tlsnb-soHKZxEtUilI4VvO9BPdvdsCKX71Dg-CUzBh3ew5cFtKQ3WKk
名典取名,38,0,38,49,385000,www.jinbangqm.com
生肖起名,34,16,18,49,19900000,http://www.baidu.com/link?url=SaIj5tsKgQoy5TdCJX9piMeXlILg1HGGnby3GTlBm52AbR9wciu_l-rykArDif0BjAmUtQHOvkRIVEnGW8YrgH0xmc6ds9s8XNNq5BsZ_mKsyDKe4oRwMGiF9s9xCgfE
太极起名网,9,0,9,49,290000,http://www.baidu.com/link?url=92t-evvUETRxHmsA3ct9S5ORAeP10UW1ee2rJIo2iwhnrtVsdmRSOEnnpWihY68tSwMWyTioQVvPENtp07AfFK
甜蜜花园,8,0,8,49,2870000,http://www.baidu.com/link?url=V-AWXnHQGd7l3YCXvowKjywMBO-y_e0nv0FJ8R2hs5_xXdRnK7S8c5v_2Yh7uWaFTY6pB-Sy5Pzu_H_sPGeW4wDQRCh7jHgiuKzy1nEiNaR3BNSTrJAWjDgnsyYgW2o39wSlTNcpRz-0HhVv_KZUWa
2012龙宝宝取名打分,1,1,0,49,7690000,www.jinbangqm.com
免费侧名网,1,1,0,49,543000,www.jinbangqm.com
姓名测分网,1,1,0,49,1800000,http://www.baidu.com/link?url=ZPNE5sMsCObiO3ttXUkSgXYlnMUlRScMrMEPsry8uRkeC3UBXRiOdmQY219nA7QH
起名字大全打分,1,1,0,49,9010000,www.jinbangqm.com
起名测名打分网,1,1,0,49,9290000,www.jinbangqm.com
姓名测试打分网,1,1,0,49,1020000,http://www.baidu.com/link?url=H60Xj1f_Wzpug6XoGtX_r2gQ8PyDh070LbtT9joMMOit0NawFkgF912JrpjVwg9D
张钧甯,34046,7971,26075,50,15400000,http://www.baidu.com/link?url=QSg4Rmld2KI6oP8IbWF2PxpFxuxSCYLKsHOG0p1oz7H6hH-CkhKLlNnA-5HWK68ThCkMI26hXk_IxerqalDi7USAY8maveqt1cjK3PqUfjz28i9aH6UwnhfXfWuq38eL6MAqowtEMKqo28JXMi_xBDZEztDNzdvlhqsiFeiAB8a
金榜起名网,241,79,162,50,147000,http://www.baidu.com/link?url=znMCEG6OgZIuMbNXjig-7D8mFo4XeND_GvwiuCjmJfco6POhJVzKwL3Ygz2QpwHSbvz4gkRXt2kVRTjIruUhb_
网上起名,175,45,130,50,15300000,www.jinbangqm.com
免费起名字 男孩,171,74,97,50,16400000,www.jinbangqm.com
宝宝在线取名,105,70,35,50,3400000,www.jinbangqm.com
起名网免费,54,0,54,50,4740000,www.jinbangqm.com
生肖运程2013,36,0,36,50,16500000,http://www.baidu.com/link?url=r9tXTgN7KYYvb_Nv2e4gAV-5RmA-WpJ6QP-Zr3zqFNKJ40jFHIg9JD2zPEQ8W5_JnQiNr31djZaAjqunwvKD5_
免费起名测名,35,0,35,50,3590000,www.jinbangqm.com
按生辰八字起名字,25,17,8,50,7820000,www.jinbangqm.com
在线取名网,17,0,17,50,2490000,www.jinbangqm.com
取名算命网,8,8,0,50,3890000,www.jinbangqm.com
易经取名评分,1,1,0,50,5390000,http://www.baidu.com/link?url=A_4Uc2611bLmG56aCPGjLz-smaksA3MSTAvsdTICPjBWwtRikwi326EcxmPNZ8ki261FNTgGocaqKPj7exZ7za
免费五格起名,1,1,0,50,10700000,www.jinbangqm.com
测名网站大全,1,1,0,50,10700000,www.jinbangqm.com
周易名字测分,1,1,0,50,527000,http://www.baidu.com/link?url=d8wh01Fhk6bjDpBxgpGD_yXawE2eRS-THP5mQHEEjNYXeNn43LoZxOevKQ90ef376yNGSU_7YujRQ5rUrrvgGK
取名 测名,1,1,0,50,3690000,http://www.baidu.com/link?url=RC7xAGIN-wVakNz28WLNcQSvFiKhPVQAtP_DsVqcBF60nU9M7Lo3RFJEE4MFS7fo
取名字大全2013,1,1,0,50,20400000,www.jinbangqm.com
姓名测字网,1,1,0,50,960000,http://www.baidu.com/link?url=u3gIEtQHuTu0E1Sy_BWvw3F6TngGU_UWjLdRl3qSi0lXz7scf11n_IVxraHFnsT5
给名字打分网,1,1,0,50,2830000,http://www.baidu.com/link?url=OPaCQJsPHOa_MW5G7wJcoSaNMGEwiY3AnrME45OzRRiK2NBnIYm7eB6KHAjnZjVN
起名测分网,1,1,0,50,21600000,www.jinbangqm.com
